Year,Month,Day,Precipitation,Humidity,Relative_Humidity,Temp_Max,Temp_Min,Dew,WS,iso_code,continent,location,date,total_cases,new_cases,new_cases_smoothed,total_deaths,new_deaths,new_deaths_smoothed,total_cases_per_million,new_cases_per_million,new_cases_smoothed_per_million,total_deaths_per_million,new_deaths_per_million,new_deaths_smoothed_per_million,reproduction_rate,icu_patients,icu_patients_per_million,hosp_patients,hosp_patients_per_million,weekly_icu_admissions,weekly_icu_admissions_per_million,weekly_hosp_admissions,weekly_hosp_admissions_per_million,new_tests,total_tests,total_tests_per_thousand,new_tests_per_thousand,new_tests_smoothed,new_tests_smoothed_per_thousand,positive_rate,tests_per_case,tests_units,total_vaccinations,people_vaccinated,people_fully_vaccinated,new_vaccinations,new_vaccinations_smoothed,total_vaccinations_per_hundred,people_vaccinated_per_hundred,people_fully_vaccinated_per_hundred,new_vaccinations_smoothed_per_million,Mortality,Mortality_Perc
2020,5,1,16.95,17.82,79.76,30.45,23.14,23.34,2.36,BGD,Asia,Bangladesh,2020-05-01,8238,571,507,170,2,5.571,50.021,3.467,3.079,1.032,0.012,0.034,1.37, , , , , , , , ,5827,76066,0.462,0.035,4708,0.029,0.108,9.3,tests performed, , , , , , , , , ,0.020636077,2.063607672
2020,5,2,12.4,18.15,81.02,30.75,23.66,23.61,2.75,BGD,Asia,Bangladesh,2020-05-02,8790,552,541.714,175,5,5,53.373,3.352,3.289,1.063,0.03,0.03,1.35, , , , , , , , ,5368,81434,0.494,0.033,4978,0.03,0.109,9.2,tests performed, , , , , , , , , ,0.019908987,1.990898749
2020,5,3,14.1,18.26,82.25,30.78,23.55,23.7,2.74,BGD,Asia,Bangladesh,2020-05-03,9455,665,577,177,2,4.571,57.411,4.038,3.504,1.075,0.012,0.028,1.35, , , , , , , , ,6260,87694,0.532,0.038,5328,0.032,0.108,9.2,tests performed, , , , , , , , , ,0.018720254,1.872025383
2020,5,4,7.2,18.21,77.04,31.97,23.75,23.71,2.14,BGD,Asia,Bangladesh,2020-05-04,10143,688,604.286,182,5,4.286,61.589,4.178,3.669,1.105,0.03,0.026,1.35, , , , , , , , ,5711,93405,0.567,0.035,5525,0.034,0.109,9.1,tests performed, , , , , , , , , ,0.017943409,1.794340925
2020,5,5,10.11,19.88,79.74,32.77,24.66,25.13,3.42,BGD,Asia,Bangladesh,2020-05-05,10929,786,638.143,183,1,4,66.361,4.773,3.875,1.111,0.006,0.024,1.35, , , , , , , , , , , , ,5261,0.032,0.121,8.2,tests performed, , , , , , , , , ,0.016744441,1.674444139
2020,5,6,45.98,18.9,79.18,31.13,25.49,24.3,1.95,BGD,Asia,Bangladesh,2020-05-06,11719,790,659.429,186,3,3.286,71.158,4.797,4.004,1.129,0.018,0.02,1.33, , , , , , , , ,6241,99646,0.605,0.038,4997,0.03,0.132,7.6,tests performed, , , , , , , , , ,0.015871661,1.58716614
2020,5,7,8.81,17.53,73.8,31.96,23.21,23.1,1.35,BGD,Asia,Bangladesh,2020-05-07,12425,706,679.714,199,13,4.429,75.445,4.287,4.127,1.208,0.079,0.027,1.3, , , , , , , , ,5867,105513,0.641,0.036,5039,0.031,0.135,7.4,tests performed, , , , , , , , , ,0.016016097,1.601609658
2020,5,8,6.82,17.34,73.58,32.02,23.76,22.92,2.26,BGD,Asia,Bangladesh,2020-05-08,13134,709,699.429,206,7,5.143,79.75,4.305,4.247,1.251,0.043,0.031,1.29, , , , , , , , ,5941,111454,0.677,0.036,5055,0.031,0.138,7.2,tests performed, , , , , , , , , ,0.015684483,1.568448302
2020,5,9,20.58,18.53,75.47,32.74,23.78,24,2.23,BGD,Asia,Bangladesh,2020-05-09,13770,636,711.429,214,8,5.571,83.612,3.862,4.32,1.299,0.049,0.034,1.3, , , , , , , , ,5465,116919,0.71,0.033,5069,0.031,0.14,7.1,tests performed, , , , , , , , , ,0.015541031,1.554103123
2020,5,10,13.17,18.97,72.68,33.14,25.19,24.43,1.42,BGD,Asia,Bangladesh,2020-05-10,14657,887,743.143,228,14,7.286,88.998,5.386,4.512,1.384,0.085,0.044,1.33, , , , , , , , ,5738,122657,0.745,0.035,4995,0.03,0.149,6.7,tests performed, , , , , , , , , ,0.015555707,1.555570717
2020,5,11,4.1,18.77,72.39,32.71,26.66,24.25,1.6,BGD,Asia,Bangladesh,2020-05-11,15691,1034,792.571,239,11,8.143,95.276,6.278,4.813,1.451,0.067,0.049,1.36, , , , , , , , ,7208,129865,0.789,0.044,5209,0.032,0.152,6.6,tests performed, , , , , , , , , ,0.015231661,1.523166146
2020,5,12,2.16,19,74.87,33.05,25.74,24.42,2.76,BGD,Asia,Bangladesh,2020-05-12,16660,969,818.714,250,11,9.571,101.16,5.884,4.971,1.518,0.067,0.058,1.37, , , , , , , , ,6773,136638,0.83,0.041,5730,0.035,0.143,7,tests performed, , , , , , , , , ,0.015006002,1.50060024
2020,5,13,0.54,19.57,80.32,32.64,25.01,24.85,5.18,BGD,Asia,Bangladesh,2020-05-13,17822,1162,871.857,269,19,11.857,108.216,7.056,5.294,1.633,0.115,0.072,1.37, , , , , , , , ,7900,144538,0.878,0.048,6413,0.039,0.136,7.4,tests performed, , , , , , , , , ,0.015093704,1.509370441
2020,5,14,12.2,20.09,81.38,32.69,24.95,25.28,3.95,BGD,Asia,Bangladesh,2020-05-14,18863,1041,919.714,283,14,12,114.537,6.321,5.585,1.718,0.085,0.073,1.36, , , , , , , , ,7392,151930,0.923,0.045,6631,0.04,0.139,7.2,tests performed, , , , , , , , , ,0.015002916,1.500291576
2020,5,15,16.51,20.45,82.2,32.65,25.35,25.54,3.91,BGD,Asia,Bangladesh,2020-05-15,20065,1202,990.143,298,15,13.143,121.835,7.299,6.012,1.809,0.091,0.08,1.36, , , , , , , , ,8582,160512,0.975,0.052,7008,0.043,0.141,7.1,tests performed, , , , , , , , , ,0.014851732,1.485173187
2020,5,16,15.2,21.1,83.28,33.44,25.22,26.04,5.21,BGD,Asia,Bangladesh,2020-05-16,20995,930,1032.143,314,16,14.286,127.482,5.647,6.267,1.907,0.097,0.087,1.35, , , , , , , , ,6782,167294,1.016,0.041,7196,0.044,0.143,7,tests performed, , , , , , , , , ,0.014955942,1.495594189
2020,5,17,20.68,20.83,80.8,33.86,25.29,25.85,3.7,BGD,Asia,Bangladesh,2020-05-17,22268,1273,1087.286,328,14,14.286,135.212,7.73,6.602,1.992,0.085,0.087,1.37, , , , , , , , ,8114,175408,1.065,0.049,7536,0.046,0.144,6.9,tests performed, , , , , , , , , ,0.014729657,1.472965691
2020,5,18,0.32,21.06,81.33,33.55,25.71,25.99,3.17,BGD,Asia,Bangladesh,2020-05-18,23870,1602,1168.429,349,21,15.714,144.94,9.727,7.095,2.119,0.128,0.095,1.39, , , , , , , , ,9788,185196,1.125,0.059,7904,0.048,0.148,6.8,tests performed, , , , , , , , , ,0.014620863,1.462086301
2020,5,19,3.29,18.85,77.82,31.48,25.5,24.17,3.5,BGD,Asia,Bangladesh,2020-05-19,25121,1251,1208.714,370,21,17.143,152.536,7.596,7.339,2.247,0.128,0.104,1.38, , , , , , , , ,8449,193645,1.176,0.051,8144,0.049,0.148,6.7,tests performed, , , , , , , , , ,0.014728713,1.472871303
2020,5,20,39.39,19.56,85.78,31.46,23.69,24.63,12.33,BGD,Asia,Bangladesh,2020-05-20,26738,1617,1273.714,386,16,16.714,162.354,9.818,7.734,2.344,0.097,0.101,1.38, , , , , , , , ,10260,203905,1.238,0.062,8481,0.051,0.15,6.7,tests performed, , , , , , , , , ,0.014436383,1.443638268
2020,5,21,57.08,19.95,87.03,29.67,25.92,24.94,13.54,BGD,Asia,Bangladesh,2020-05-21,28511,1773,1378.286,408,22,17.857,173.12,10.766,8.369,2.477,0.134,0.108,1.38, , , , , , , , ,10262,214167,1.3,0.062,8891,0.054,0.155,6.5,tests performed, , , , , , , , , ,0.014310266,1.431026621
2020,5,22,8.2,20.28,82.87,32.23,25.18,25.36,5.18,BGD,Asia,Bangladesh,2020-05-22,30205,1694,1448.571,432,24,19.143,183.406,10.286,8.796,2.623,0.146,0.116,1.35, , , , , , , , ,9727,223894,1.359,0.059,9055,0.055,0.16,6.3,tests performed, , , , , , , , , ,0.014302268,1.430226784
2020,5,23,0.92,21.26,83.63,33.45,25.47,26.18,5.79,BGD,Asia,Bangladesh,2020-05-23,32078,1873,1583.286,452,20,19.714,194.779,11.373,9.614,2.745,0.121,0.12,1.33, , , , , , , , ,10834,234728,1.425,0.066,9633,0.058,0.164,6.1,tests performed, , , , , , , , , ,0.014090654,1.409065403
2020,5,24,13.75,21.93,86.1,33.34,25.99,26.67,7.76,BGD,Asia,Bangladesh,2020-05-24,33610,1532,1620.286,480,28,21.714,204.081,9.302,9.838,2.915,0.17,0.132,1.29, , , , , , , , ,8908,243636,1.479,0.054,9747,0.059,0.166,6,tests performed, , , , , , , , , ,0.014281464,1.428146385
2020,5,25,9.29,21.77,85.91,33.14,26.6,26.55,9.28,BGD,Asia,Bangladesh,2020-05-25,35585,1975,1673.571,501,21,21.714,216.073,11.992,10.162,3.042,0.128,0.132,1.27, , , , , , , , ,9451,253087,1.537,0.057,9699,0.059,0.173,5.8,tests performed, , , , , , , , , ,0.014078966,1.407896586
2020,5,26,11.13,21.13,85.62,32.41,26.42,26.04,9.59,BGD,Asia,Bangladesh,2020-05-26,36751,1166,1661.429,522,21,21.714,223.153,7.08,10.088,3.17,0.128,0.132,1.23, , , , , , , , ,5407,258494,1.57,0.033,9264,0.056,0.179,5.6,tests performed, , , , , , , , , ,0.014203695,1.420369514
2020,5,27,69.85,21.49,89.35,31.59,26.04,26.31,7.67,BGD,Asia,Bangladesh,2020-05-27,38292,1541,1650.571,544,22,22.571,232.51,9.357,10.022,3.303,0.134,0.137,1.25, , , , , , , , ,8015,266509,1.618,0.049,8943,0.054,0.185,5.4,tests performed, , , , , , , , , ,0.014206623,1.420662279
2020,5,28,27.77,20.17,86.04,30.89,25.3,25.28,3.79,BGD,Asia,Bangladesh,2020-05-28,40321,2029,1687.143,559,15,21.571,244.831,12.32,10.244,3.394,0.091,0.131,1.29, , , , , , , , ,9310,275819,1.675,0.057,8807,0.053,0.192,5.2,tests performed, , , , , , , , , ,0.013863743,1.386374346
2020,5,29,22.18,20.21,85.27,31.14,25.07,25.33,3.3,BGD,Asia,Bangladesh,2020-05-29,42844,2523,1805.571,582,23,21.429,260.15,15.32,10.963,3.534,0.14,0.13,1.32, , , , , , , , ,11301,287120,1.743,0.069,9032,0.055,0.2,5,tests performed, , , , , , , , , ,0.013584166,1.358416581
2020,5,30,14.66,20.87,86.06,31.88,25.58,25.87,4.28,BGD,Asia,Bangladesh,2020-05-30,44608,1764,1790,610,28,22.571,270.861,10.711,10.869,3.704,0.17,0.137,1.3, , , , , , , , ,9997,297117,1.804,0.061,8913,0.054,0.201,5,tests performed, , , , , , , , , ,0.013674677,1.367467719
2020,5,31,7.7,20.58,83.99,31.34,25.71,25.68,2.71,BGD,Asia,Bangladesh,2020-05-31,47153,2545,1934.714,650,40,24.286,286.315,15.453,11.748,3.947,0.243,0.147,1.32, , , , , , , , ,11876,308993,1.876,0.072,9337,0.057,0.207,4.8,tests performed, , , , , , , , , ,0.013784913,1.378491294
2020,6,1,4.84,21.18,88.17,30.85,25.94,26.12,5.17,BGD,Asia,Bangladesh,2020-06-01,49534,2381,1992.714,672,22,24.429,300.772,14.458,12.1,4.08,0.134,0.148,1.32, , , , , , , , ,11339,320332,1.945,0.069,9606,0.058,0.207,4.8,tests performed, , , , , , , , , ,0.013566439,1.356643921
2020,6,2,7.19,21.51,89.84,30.79,25.84,26.35,5.81,BGD,Asia,Bangladesh,2020-06-02,52445,2911,2242,709,37,26.714,318.448,17.676,13.614,4.305,0.225,0.162,1.32, , , , , , , , ,12704,333036,2.022,0.077,10649,0.065,0.211,4.7,tests performed, , , , , , , , , ,0.013518925,1.351892459
2020,6,3,8.01,21.07,88.12,30.84,25.94,26,6.03,BGD,Asia,Bangladesh,2020-06-03,55140,2695,2406.857,746,37,28.857,334.812,16.364,14.615,4.53,0.225,0.175,1.3, , , , , , , , ,12510,345546,2.098,0.076,11291,0.069,0.213,4.7,tests performed, , , , , , , , , ,0.013529198,1.35291984
2020,6,4,30.94,21.51,88.27,31.8,25.99,26.34,4.99,BGD,Asia,Bangladesh,2020-06-04,57563,2423,2463.143,781,35,31.714,349.525,14.713,14.956,4.742,0.213,0.193,1.27, , , , , , , , ,12694,358240,2.175,0.077,11774,0.071,0.209,4.8,tests performed, , , , , , , , , ,0.013567743,1.356774317
2020,6,5,16.27,21.63,91.37,30.07,26.03,26.4,5.07,BGD,Asia,Bangladesh,2020-06-05,60391,2828,2506.714,811,30,32.714,366.696,17.172,15.221,4.924,0.182,0.199,1.25, , , , , , , , ,14088,372328,2.261,0.086,12173,0.074,0.206,4.9,tests performed, , , , , , , , , ,0.013429153,1.342915335
2020,6,6,14.5,21.99,91.96,29.77,26.84,26.66,5.42,BGD,Asia,Bangladesh,2020-06-06,63026,2635,2631.143,846,35,33.714,382.696,16,15.976,5.137,0.213,0.205,1.23, , , , , , , , ,12486,384814,2.337,0.076,12528,0.076,0.21,4.8,tests performed, , , , , , , , , ,0.013423032,1.342303176
2020,6,7,10.94,21.52,85.7,32.16,26.1,26.31,3.24,BGD,Asia,Bangladesh,2020-06-07,65769,2743,2659.429,888,42,34,399.352,16.656,16.148,5.392,0.255,0.206,1.22, , , , , , , , ,13136,397950,2.416,0.08,12708,0.077,0.209,4.8,tests performed, , , , , , , , , ,0.013501802,1.350180176
2020,6,8,14.44,21.61,87.3,31.46,26.26,26.37,3.63,BGD,Asia,Bangladesh,2020-06-08,68504,2735,2710,930,42,36.857,415.959,16.607,16.455,5.647,0.255,0.224,1.22, , , , , , , , ,12944,410894,2.495,0.079,12937,0.079,0.209,4.8,tests performed, , , , , , , , , ,0.01357585,1.357584959
2020,6,9,9.42,21.72,84.48,32.28,26.42,26.49,2.39,BGD,Asia,Bangladesh,2020-06-09,71675,3171,2747.143,975,45,38,435.213,19.254,16.681,5.92,0.273,0.231,1.22, , , , , , , , ,14664,425558,2.584,0.089,13217,0.08,0.208,4.8,tests performed, , , , , , , , , ,0.013603069,1.360306941
2020,6,10,16.13,22.01,89.91,30.22,26.59,26.67,3.38,BGD,Asia,Bangladesh,2020-06-10,74865,3190,2817.857,1012,37,38,454.583,19.37,17.11,6.145,0.225,0.231,1.22, , , , , , , , ,15965,441523,2.681,0.097,13711,0.083,0.206,4.9,tests performed, , , , , , , , , ,0.013517665,1.351766513
2020,6,11,16.98,22.48,93.95,29.62,26.47,26.99,4.91,BGD,Asia,Bangladesh,2020-06-11,78052,3187,2927,1049,37,38.286,473.935,19.352,17.773,6.37,0.225,0.232,1.2, , , , , , , , ,15772,457295,2.777,0.096,14151,0.086,0.207,4.8,tests performed, , , , , , , , , ,0.013439758,1.343975811
2020,6,12,7.61,22.26,91.52,31.05,26.31,26.82,6.29,BGD,Asia,Bangladesh,2020-06-12,81523,3471,3018.857,1095,46,40.571,495.011,21.076,18.331,6.649,0.279,0.246,1.19, , , , , , , , ,15990,473285,2.874,0.097,14422,0.088,0.209,4.8,tests performed, , , , , , , , , ,0.013431792,1.343179225
2020,6,13,40.76,23.03,94.8,29.83,27.18,27.39,6.08,BGD,Asia,Bangladesh,2020-06-13,84379,2856,3050.429,1139,44,41.857,512.352,17.342,18.522,6.916,0.267,0.254,1.17, , , , , , , , ,16638,489923,2.975,0.101,15016,0.091,0.203,4.9,tests performed, , , , , , , , , ,0.013498619,1.349861932
2020,6,14,9.53,22.76,92.86,30.54,26.85,27.22,5.69,BGD,Asia,Bangladesh,2020-06-14,87520,3141,3107.286,1171,32,40.429,531.425,19.072,18.868,7.11,0.194,0.245,1.16, , , , , , , , ,14505,504428,3.063,0.088,15211,0.092,0.204,4.9,tests performed, , , , , , , , , ,0.013379799,1.33797989
2020,6,15,13.47,23.07,92.44,31.19,26.64,27.43,5.16,BGD,Asia,Bangladesh,2020-06-15,90619,3099,3159.286,1209,38,39.857,550.242,18.817,19.183,7.341,0.231,0.242,1.16, , , , , , , , ,15038,519466,3.154,0.091,15510,0.094,0.204,4.9,tests performed, , , , , , , , , ,0.013341573,1.334157296
2020,6,16,16.16,22.16,89.49,31.3,26.85,26.74,5.64,BGD,Asia,Bangladesh,2020-06-16,94481,3862,3258,1262,53,41,573.692,23.45,19.783,7.663,0.322,0.249,1.17, , , , , , , , ,17214,536680,3.259,0.105,15875,0.096,0.205,4.9,tests performed, , , , , , , , , ,0.013357183,1.335718293
2020,6,17,34.35,22.41,94.35,29.06,26.78,26.89,6.48,BGD,Asia,Bangladesh,2020-06-17,98489,4008,3374.857,1305,43,41.857,598.029,24.337,20.492,7.924,0.261,0.254,1.17, , , , , , , , ,17527,554207,3.365,0.106,16098,0.098,0.21,4.8,tests performed, , , , , , , , , ,0.013250211,1.325021068
2020,6,18,17.04,22.26,92.86,30.05,26.26,26.82,7.37,BGD,Asia,Bangladesh,2020-06-18,102292,3803,3462.857,1343,38,42,621.121,23.092,21.027,8.155,0.231,0.255,1.14, , , , , , , , ,16259,570466,3.464,0.099,16167,0.098,0.214,4.7,tests performed, , , , , , , , , ,0.013129081,1.312908145
2020,6,19,18.12,22.39,89.92,31.76,26.35,26.94,5.8,BGD,Asia,Bangladesh,2020-06-19,105535,3243,3430.286,1388,45,41.857,640.812,19.692,20.829,8.428,0.273,0.254,1.11, , , , , , , , ,15045,585511,3.555,0.091,16032,0.097,0.214,4.7,tests performed, , , , , , , , , ,0.013152035,1.315203487
2020,6,20,20.44,22.48,90.79,31.02,26.75,27.01,5.44,BGD,Asia,Bangladesh,2020-06-20,108775,3240,3485.143,1425,37,40.857,660.486,19.673,21.162,8.653,0.225,0.248,1.09, , , , , , , , ,14031,599542,3.64,0.085,15660,0.095,0.223,4.5,tests performed, , , , , , , , , ,0.013100437,1.310043668
2020,6,21,9.36,22.04,90.76,31.05,26.44,26.65,6.93,BGD,Asia,Bangladesh,2020-06-21,112306,3531,3540.857,1464,39,41.857,681.926,21.44,21.5,8.889,0.237,0.254,1.08, , , , , , , , ,15585,615127,3.735,0.095,15814,0.096,0.224,4.5,tests performed, , , , , , , , , ,0.013035813,1.303581287
2020,6,22,4.43,21.82,89.85,30.73,26.14,26.51,6.94,BGD,Asia,Bangladesh,2020-06-22,115786,3480,3595.286,1502,38,41.857,703.057,21.131,21.831,9.12,0.231,0.254,1.08, , , , , , , , ,15555,630682,3.83,0.094,15888,0.096,0.226,4.4,tests performed, , , , , , , , , ,0.012972207,1.297220735
2020,6,23,6.1,22.35,88.91,32.01,26.46,26.96,5.79,BGD,Asia,Bangladesh,2020-06-23,119198,3412,3531,1545,43,40.429,723.775,20.718,21.44,9.381,0.261,0.245,1.07, , , , , , , , ,16292,646974,3.928,0.099,15756,0.096,0.224,4.5,tests performed, , , , , , , , , ,0.012961627,1.296162687
2020,6,24,4.98,22.42,88.3,32.15,26.37,27.04,5.1,BGD,Asia,Bangladesh,2020-06-24,122660,3462,3453,1582,37,39.571,744.796,21.021,20.967,9.606,0.225,0.24,1.07, , , , , , , , ,16433,663407,4.028,0.1,15600,0.095,0.221,4.5,tests performed, , , , , , , , , ,0.01289744,1.289744008
2020,6,25,2.54,22.63,90.08,31.55,26.74,27.16,6.51,BGD,Asia,Bangladesh,2020-06-25,126606,3946,3473.429,1621,39,39.714,768.756,23.96,21.091,9.843,0.237,0.241,1.08, , , , , , , , ,17999,681406,4.138,0.109,15849,0.096,0.219,4.6,tests performed, , , , , , , , , ,0.012803501,1.280350062
2020,6,26,7.12,22.66,92.6,30.28,26.92,27.15,6.97,BGD,Asia,Bangladesh,2020-06-26,130474,3868,3562.714,1661,40,39,792.243,23.487,21.633,10.086,0.243,0.237,1.07, , , , , , , , ,18498,699904,4.25,0.112,16342,0.099,0.218,4.6,tests performed, , , , , , , , , ,0.012730506,1.273050569
2020,6,27,18.55,22.01,89.67,30.97,26.88,26.67,6.91,BGD,Asia,Bangladesh,2020-06-27,133978,3504,3600.429,1695,34,38.571,813.519,21.276,21.862,10.292,0.206,0.234,1.06, , , , , , , , ,15157,715061,4.342,0.092,16503,0.1,0.218,4.6,tests performed, , , , , , , , , ,0.012651331,1.265133082
2020,6,28,6.01,21.29,90.02,30.42,26.34,26.12,6.45,BGD,Asia,Bangladesh,2020-06-28,137787,3809,3640.143,1738,43,39.143,836.648,23.128,22.103,10.553,0.261,0.238,1.06, , , , , , , , ,18099,733160,4.452,0.11,16862,0.102,0.216,4.6,tests performed, , , , , , , , , ,0.012613672,1.261367183
2020,6,29,9.76,21.2,86.11,32.17,25.77,26.08,4.15,BGD,Asia,Bangladesh,2020-06-29,141801,4014,3716.429,1783,45,40.143,861.021,24.373,22.566,10.826,0.273,0.244,1.05, , , , , , , , ,17837,750997,4.56,0.108,17188,0.104,0.216,4.6,tests performed, , , , , , , , , ,0.012573959,1.257395928
2020,6,30,4.73,22.13,87.47,32.27,26.25,26.78,4.56,BGD,Asia,Bangladesh,2020-06-30,145483,3682,3755,1847,64,43.143,883.378,22.357,22.8,11.215,0.389,0.262,1.03, , , , , , , , ,18426,769423,4.672,0.112,17493,0.106,0.215,4.7,tests performed, , , , , , , , , ,0.012695641,1.269564142
2020,7,1,4.58,21.95,89.29,31.13,26.77,26.62,5.62,BGD,Asia,Bangladesh,2020-07-01,149258,3775,3799.714,1888,41,43.714,906.3,22.922,23.072,11.464,0.249,0.265,1.01, , , , , , , , ,17875,787298,4.781,0.109,17699,0.107,0.215,4.7,tests performed, , , , , , , , , ,0.012649238,1.264923823
2020,7,2,2.68,22.59,90.73,31.07,26.81,27.07,5.23,BGD,Asia,Bangladesh,2020-07-02,153277,4019,3810.143,1926,38,43.571,930.704,24.404,23.135,11.695,0.231,0.265,0.99, , , , , , , , ,18362,805660,4.892,0.111,17751,0.108,0.215,4.7,tests performed, , , , , , , , , ,0.012565486,1.256548602
2020,7,3,1.87,22.35,87.56,32,26.64,26.92,3.6,BGD,Asia,Bangladesh,2020-07-03,156391,3114,3702.429,1968,42,43.857,949.612,18.908,22.481,11.95,0.255,0.266,0.96, , , , , , , , ,14650,820310,4.981,0.089,17201,0.104,0.215,4.6,tests performed, , , , , , , , , ,0.012583844,1.258384434
2020,7,4,11.58,22.4,89.55,31.81,26.95,26.94,4.51,BGD,Asia,Bangladesh,2020-07-04,159679,3288,3671.571,1997,29,43.143,969.577,19.965,22.294,12.126,0.176,0.262,0.94, , , , , , , , ,14727,835037,5.07,0.089,17139,0.104,0.214,4.7,tests performed, , , , , , , , , ,0.012506341,1.250634085
2020,7,5,7.87,22.42,91.3,30.2,27.05,26.91,6.47,BGD,Asia,Bangladesh,2020-07-05,162417,2738,3518.571,2052,55,44.857,986.202,16.625,21.365,12.46,0.334,0.272,0.92, , , , , , , , ,13988,849025,5.155,0.085,16552,0.101,0.213,4.7,tests performed, , , , , , , , , ,0.012634145,1.263414544
2020,7,6,7.08,22.77,91.01,31.09,27.15,27.18,6.74,BGD,Asia,Bangladesh,2020-07-06,165618,3201,3402.429,2096,44,44.714,1005.639,19.437,20.66,12.727,0.267,0.272,0.93, , , , , , , , ,14245,863270,5.242,0.086,16039,0.097,0.212,4.7,tests performed, , , , , , , , , ,0.012655629,1.265562922
2020,7,7,7.99,22.87,90.31,31.93,26.89,27.31,6.49,BGD,Asia,Bangladesh,2020-07-07,168645,3027,3308.857,2151,55,43.429,1024.019,18.38,20.092,13.061,0.334,0.264,0.93, , , , , , , , ,13173,876443,5.322,0.08,15289,0.093,0.216,4.6,tests performed, , , , , , , , , ,0.012754603,1.275460286
2020,7,8,4.55,22.55,89.24,31.97,27.1,27.09,4.92,BGD,Asia,Bangladesh,2020-07-08,172134,3489,3268,2197,46,44.143,1045.204,21.185,19.843,13.34,0.279,0.268,0.94, , , , , , , , ,15672,892115,5.417,0.095,14974,0.091,0.218,4.6,tests performed, , , , , , , , , ,0.012763312,1.27633123
2020,7,9,22.16,22.94,91.77,31.18,26.98,27.34,7.02,BGD,Asia,Bangladesh,2020-07-09,175494,3360,3173.857,2238,41,44.571,1065.606,20.402,19.272,13.589,0.249,0.271,0.93, , , , , , , , ,15632,907747,5.512,0.095,14584,0.089,0.218,4.6,tests performed, , , , , , , , , ,0.012752573,1.275257274
2020,7,10,17.65,22.99,91.08,31.21,27.29,27.37,7.99,BGD,Asia,Bangladesh,2020-07-10,178443,2949,3150.286,2275,37,43.857,1083.512,17.906,19.129,13.814,0.225,0.266,0.92, , , , , , , , ,13488,921235,5.594,0.082,14418,0.088,0.218,4.6,tests performed, , , , , , , , , ,0.012749169,1.27491692
2020,7,11,32.65,22.52,93.37,29.68,27.16,27,6.98,BGD,Asia,Bangladesh,2020-07-11,181129,2686,3064.286,2305,30,44,1099.822,16.309,18.606,13.996,0.182,0.267,0.92, , , , , , , , ,11193,932428,5.662,0.068,13913,0.084,0.22,4.5,tests performed, , , , , , , , , ,0.012725737,1.272573691
2020,7,12,28.81,22.21,91.13,30.64,26.7,26.79,6.35,BGD,Asia,Bangladesh,2020-07-12,183795,2666,3054,2352,47,42.857,1116.01,16.188,18.544,14.281,0.285,0.26,0.92, , , , , , , , ,11059,943487,5.729,0.067,13495,0.082,0.226,4.4,tests performed, , , , , , , , , ,0.012796866,1.279686607
2020,7,13,8.88,22.46,88.9,32.13,26.58,26.99,5.01,BGD,Asia,Bangladesh,2020-07-13,186894,3099,3039.429,2391,39,42.143,1134.827,18.817,18.456,14.518,0.237,0.256,0.94, , , , , , , , ,12423,955910,5.804,0.075,13234,0.08,0.23,4.4,tests performed, , , , , , , , , ,0.012793348,1.27933481
2020,7,14,14.06,21.74,90.54,30.91,26.29,26.46,6.17,BGD,Asia,Bangladesh,2020-07-14,190057,3163,3058.857,2424,33,39,1154.033,19.206,18.573,14.719,0.2,0.237,0.95, , , , , , , , ,13453,969363,5.886,0.082,13274,0.081,0.23,4.3,tests performed, , , , , , , , , ,0.012754069,1.275406852
2020,7,15,6.13,22.03,88.33,32.27,26.1,26.7,5.83,BGD,Asia,Bangladesh,2020-07-15,193590,3533,3065.143,2457,33,37.143,1175.486,21.453,18.612,14.919,0.2,0.226,0.95, , , , , , , , ,14002,983365,5.971,0.085,13036,0.079,0.235,4.3,tests performed, , , , , , , , , ,0.012691771,1.269177127
2020,7,16,3.92,21.82,87.11,31.98,26.26,26.54,5.2,BGD,Asia,Bangladesh,2020-07-16,196323,2733,2975.571,2496,39,36.857,1192.08,16.595,18.068,15.156,0.237,0.224,0.94, , , , , , , , ,12889,996254,6.049,0.078,12644,0.077,0.235,4.2,tests performed, , , , , , , , , ,0.012713742,1.271374215
2020,7,17,3.08,22.16,87.73,32.05,26.5,26.8,5.04,BGD,Asia,Bangladesh,2020-07-17,199357,3034,2987.714,2547,51,38.857,1210.503,18.423,18.142,15.465,0.31,0.236,0.93, , , , , , , , ,13460,1009714,6.131,0.082,12640,0.077,0.236,4.2,tests performed, , , , , , , , , ,0.012776075,1.277607508
2020,7,18,8.89,22.32,92.03,30.38,26.81,26.92,5.41,BGD,Asia,Bangladesh,2020-07-18,202066,2709,2991,2581,34,39.429,1226.952,16.449,18.161,15.672,0.206,0.239,0.93, , , , , , , , ,10923,1020637,6.197,0.066,12601,0.077,0.237,4.2,tests performed, , , , , , , , , ,0.012773054,1.277305435
2020,7,19,22.11,22.34,89.88,31.56,26.49,26.93,7,BGD,Asia,Bangladesh,2020-07-19,204525,2459,2961.429,2618,37,38,1241.883,14.931,17.982,15.897,0.225,0.231,0.92, , , , , , , , ,10625,1031262,6.262,0.065,12539,0.076,0.236,4.2,tests performed, , , , , , , , , ,0.012800391,1.280039115
2020,7,20,36.42,22.37,94.09,29.54,26.76,26.93,7.23,BGD,Asia,Bangladesh,2020-07-20,207453,2928,2937,2668,50,39.571,1259.662,17.779,17.834,16.2,0.304,0.24,0.93, , , , , , , , ,13362,1044624,6.343,0.081,12673,0.077,0.232,4.3,tests performed, , , , , , , , , ,0.012860744,1.286074436
2020,7,21,41.29,22.28,94.31,29.36,26.78,26.88,6.7,BGD,Asia,Bangladesh,2020-07-21,210510,3057,2921.857,2709,41,40.714,1278.224,18.562,17.742,16.449,0.249,0.247,0.94, , , , , , , , ,12898,1057522,6.421,0.078,12594,0.076,0.232,4.3,tests performed, , , , , , , , , ,0.012868747,1.286874733
2020,7,22,40.21,21.37,92.31,29.68,25.87,26.17,4.93,BGD,Asia,Bangladesh,2020-07-22,213254,2744,2809.143,2751,42,42,1294.886,16.662,17.057,16.704,0.255,0.255,0.93, , , , , , , , ,12050,1069572,6.494,0.073,12315,0.075,0.228,4.4,tests performed, , , , , , , , , ,0.01290011,1.290010973
2020,7,23,15.5,21.44,90.57,30.88,25.39,26.23,5.35,BGD,Asia,Bangladesh,2020-07-23,216110,2856,2826.714,2801,50,43.571,1312.228,17.342,17.164,17.008,0.304,0.265,0.93, , , , , , , , ,12398,1081970,6.57,0.075,12245,0.074,0.231,4.3,tests performed, , , , , , , , , ,0.012960992,1.296099209
2020,7,24,8.9,21.74,91.44,30.46,26.26,26.51,5.2,BGD,Asia,Bangladesh,2020-07-24,218658,2548,2757.286,2836,35,41.286,1327.699,15.472,16.742,17.22,0.213,0.251,0.92, , , , , , , , ,12027,1093997,6.643,0.073,12040,0.073,0.229,4.4,tests performed, , , , , , , , , ,0.012970026,1.297002625
2020,7,25,2.05,21.41,88.14,31.64,25.69,26.28,4.22,BGD,Asia,Bangladesh,2020-07-25,221178,2520,2730.286,2874,38,41.857,1343.001,15.302,16.578,17.451,0.231,0.254,0.92, , , , , , , , ,10446,1104443,6.706,0.063,11972,0.073,0.228,4.4,tests performed, , , , , , , , , ,0.012994059,1.299405908
2020,7,26,1.45,22.1,86.14,32.46,26.32,26.81,3.69,BGD,Asia,Bangladesh,2020-07-26,223453,2275,2704,2928,54,44.286,1356.815,13.814,16.419,17.779,0.328,0.269,0.92, , , , , , , , ,10078,1114521,6.767,0.061,11894,0.072,0.227,4.4,tests performed, , , , , , , , , ,0.013103427,1.310342667
2020,7,27,10.66,22.41,91.12,30.5,26.85,26.99,4.11,BGD,Asia,Bangladesh,2020-07-27,226225,2772,2681.714,2965,37,42.429,1373.647,16.832,16.283,18.004,0.225,0.258,0.94, , , , , , , , ,12859,1127380,6.845,0.078,11822,0.072,0.227,4.4,tests performed, , , , , , , , , ,0.013106421,1.31064206
2020,7,28,22.01,21.99,88.93,31.47,26.46,26.68,4.5,BGD,Asia,Bangladesh,2020-07-28,229185,2960,2667.857,3000,35,41.571,1391.62,17.973,16.199,18.216,0.213,0.252,0.95, , , , , , , , ,12714,1140094,6.923,0.077,11796,0.072,0.226,4.4,tests performed, , , , , , , , , ,0.013089862,1.30898619
2020,7,29,19.53,21.96,89.15,31.59,26.4,26.67,5.82,BGD,Asia,Bangladesh,2020-07-29,232194,3009,2705.714,3035,35,40.571,1409.891,18.271,16.429,18.429,0.213,0.246,0.94, , , , , , , , ,14127,1154221,7.008,0.086,12093,0.073,0.224,4.5,tests performed, , , , , , , , , ,0.013070967,1.307096652
2020,7,30,1.91,21.93,88.54,31.29,26.42,26.66,4.22,BGD,Asia,Bangladesh,2020-07-30,234889,2695,2682.714,3083,48,40.286,1426.255,16.364,16.29,18.72,0.291,0.245,0.92, , , , , , , , ,12937,1167158,7.087,0.079,12170,0.074,0.22,4.5,tests performed, , , , , , , , , ,0.013125349,1.312534857
2020,7,31,3.23,22.11,87.05,32.19,26.66,26.79,3.81,BGD,Asia,Bangladesh,2020-07-31,237661,2772,2714.714,3111,28,39.286,1443.086,16.832,16.484,18.89,0.17,0.239,0.89, , , , , , , , ,12614,1179772,7.164,0.077,12254,0.074,0.222,4.5,tests performed, , , , , , , , , ,0.013090074,1.309007368
2020,8,1,4.41,22.65,86.11,32.97,27,27.17,2.55,BGD,Asia,Bangladesh,2020-08-01,239860,2199,2668.857,3132,21,36.857,1456.439,13.352,16.205,19.018,0.128,0.224,0.86, , , , , , , , ,8802,1188574,7.217,0.053,12019,0.073,0.222,4.5,tests performed, , , , , , , , , ,0.013057617,1.305761694
2020,8,2,7.45,22.68,87.58,32.23,27.18,27.13,3.3,BGD,Asia,Bangladesh,2020-08-02,240746,886,2470.429,3154,22,32.286,1461.819,5.38,15.001,19.151,0.134,0.196,0.83, , , , , , , , ,3684,1192258,7.239,0.022,11105,0.067,0.222,4.5,tests performed, , , , , , , , , ,0.013100945,1.310094456
2020,8,3,6.97,22.68,81.15,33.64,27.56,27.12,1.75,BGD,Asia,Bangladesh,2020-08-03,242102,1356,2268.143,3184,30,31.286,1470.052,8.234,13.772,19.333,0.182,0.19,0.85, , , , , , , , ,4249,1196507,7.265,0.026,9875,0.06,0.23,4.4,tests performed, , , , , , , , , ,0.013151482,1.315148161
2020,8,4,19.31,22.98,89.5,32.71,26.73,27.21,5.39,BGD,Asia,Bangladesh,2020-08-04,244020,1918,2119.286,3234,50,33.429,1481.698,11.646,12.868,19.637,0.304,0.203,0.92, , , , , , , , ,7712,1204219,7.312,0.047,9161,0.056,0.231,4.3,tests performed, , , , , , , , , ,0.013253012,1.325301205
2020,8,5,14.98,22.47,89.7,32.05,26.72,26.9,8.42,BGD,Asia,Bangladesh,2020-08-05,246674,2654,2068.571,3267,33,33.143,1497.814,16.115,12.56,19.837,0.2,0.201,0.99, , , , , , , , ,11160,1215379,7.38,0.068,8737,0.053,0.237,4.2,tests performed, , , , , , , , , ,0.013244201,1.324420085
2020,8,6,5.57,22.08,92.55,30.13,26.54,26.7,6.77,BGD,Asia,Bangladesh,2020-08-06,249651,2977,2108.857,3306,39,31.857,1515.89,18.076,12.805,20.074,0.237,0.193,1.04, , , , , , , , ,12708,1228087,7.457,0.077,8704,0.053,0.242,4.1,tests performed, , , , , , , , , ,0.013242487,1.324248651
2020,8,7,8.88,22.48,89.26,31.94,27.2,27.02,5.82,BGD,Asia,Bangladesh,2020-08-07,252502,2851,2120.143,3333,27,31.714,1533.201,17.311,12.874,20.238,0.164,0.193,1.06, , , , , , , , ,12699,1240786,7.534,0.077,8716,0.053,0.243,4.1,tests performed, , , , , , , , , ,0.013199895,1.319989545
2020,8,8,3.83,22.45,88.86,32,26.8,26.98,5.54,BGD,Asia,Bangladesh,2020-08-08,255113,2611,2179,3365,32,33.286,1549.056,15.854,13.231,20.432,0.194,0.202,1.06, , , , , , , , ,11737,1252523,7.605,0.071,9136,0.055,0.239,4.2,tests performed, , , , , , , , , ,0.013190233,1.319023335
2020,8,9,2.82,22.37,90.54,31.35,26.69,26.91,5.54,BGD,Asia,Bangladesh,2020-08-09,257600,2487,2407.714,3399,34,35,1564.157,15.101,14.62,20.639,0.206,0.213,1.06, , , , , , , , ,10759,1263282,7.671,0.065,10146,0.062,0.237,4.2,tests performed, , , , , , , , , ,0.013194876,1.319487578
2020,8,10,2.28,22.58,89.93,32.09,26.4,27.08,5.2,BGD,Asia,Bangladesh,2020-08-10,260507,2907,2629.286,3438,39,36.286,1581.808,17.651,15.965,20.876,0.237,0.22,1.07, , , , , , , , ,12849,1276131,7.749,0.078,11375,0.069,0.231,4.3,tests performed, , , , , , , , , ,0.013197342,1.319734211
2020,8,11,21.88,22.83,90.12,31.62,26.88,27.25,5.21,BGD,Asia,Bangladesh,2020-08-11,263503,2996,2783.286,3471,33,33.857,1600,18.192,16.9,21.076,0.2,0.206,1.07, , , , , , , , ,14820,1290951,7.839,0.09,12390,0.075,0.225,4.5,tests performed, , , , , , , , , ,0.013172526,1.317252555
2020,8,12,17.02,22.96,88.99,32.6,27.01,27.36,5.36,BGD,Asia,Bangladesh,2020-08-12,266498,2995,2832,3513,42,35.143,1618.186,18.186,17.196,21.331,0.255,0.213,1.06, , , , , , , , ,14751,1305702,7.928,0.09,12903,0.078,0.219,4.6,tests performed, , , , , , , , , ,0.013182088,1.318208767
2020,8,13,3.56,22.55,88.17,32.17,27,27.05,5.45,BGD,Asia,Bangladesh,2020-08-13,269115,2617,2780.571,3557,44,35.857,1634.076,15.891,16.884,21.598,0.267,0.218,1.04, , , , , , , , ,13162,1318864,8.008,0.08,12968,0.079,0.214,4.7,tests performed, , , , , , , , , ,0.013217398,1.321739777
2020,8,14,4.27,22.31,88.2,31.82,26.61,26.83,4.98,BGD,Asia,Bangladesh,2020-08-14,271881,2766,2768.429,3591,34,36.857,1650.871,16.795,16.81,21.805,0.206,0.224,1.02, , , , , , , , ,12856,1331720,8.086,0.078,12991,0.079,0.213,4.7,tests performed, , , , , , , , , ,0.013207984,1.320798438
2020,8,15,18.29,21.65,90.3,31.38,25.92,26.31,7.95,BGD,Asia,Bangladesh,2020-08-15,274525,2644,2773.143,3625,34,37.143,1666.926,16.054,16.839,22.011,0.206,0.226,1.01, , , , , , , , ,12891,1344611,8.165,0.078,13155,0.08,0.211,4.7,tests performed, , , , , , , , , ,0.013204626,1.320462617
2020,8,16,10.78,22,91.85,30.15,26.44,26.59,7.75,BGD,Asia,Bangladesh,2020-08-16,276549,2024,2707,3657,32,36.857,1679.216,12.29,16.437,22.205,0.194,0.224,0.99, , , , , , , , ,10018,1354629,8.225,0.061,13050,0.079,0.207,4.8,tests performed, , , , , , , , , ,0.013223696,1.322369634
2020,8,17,18.73,21.9,90.86,31.22,26.2,26.53,7.09,BGD,Asia,Bangladesh,2020-08-17,279144,2595,2662.429,3694,37,36.571,1694.973,15.757,16.166,22.43,0.225,0.222,1, , , , , , , , ,12523,1367152,8.301,0.076,13003,0.079,0.205,4.9,tests performed, , , , , , , , , ,0.013233313,1.323331327
2020,8,18,7.04,21.97,90.25,31.21,26.12,26.59,5.71,BGD,Asia,Bangladesh,2020-08-18,282344,3200,2691.571,3740,46,38.429,1714.403,19.431,16.343,22.709,0.279,0.233,1.02, , , , , , , , ,14630,1381782,8.39,0.089,12976,0.079,0.207,4.8,tests performed, , , , , , , , , ,0.013246253,1.32462528
2020,8,19,5.39,21.52,92.36,29.36,26.21,26.23,7.34,BGD,Asia,Bangladesh,2020-08-19,285091,2747,2656.143,3781,41,38.286,1731.083,16.68,16.128,22.958,0.249,0.232,1, , , , , , , , ,14678,1396460,8.479,0.089,12965,0.079,0.205,4.9,tests performed, , , , , , , , , ,0.013262432,1.3262432
2020,8,20,18.77,20.82,93.67,28.81,25.77,25.72,8.37,BGD,Asia,Bangladesh,2020-08-20,287959,2868,2692,3822,41,37.857,1748.498,17.415,16.346,23.207,0.249,0.23,0.99, , , , , , , , ,14059,1410519,8.565,0.085,13094,0.08,0.206,4.9,tests performed, , , , , , , , , ,0.013272723,1.327272285
2020,8,21,13.74,20.85,93.17,28.88,25.78,25.8,6.83,BGD,Asia,Bangladesh,2020-08-21,290360,2401,2639.857,3861,39,38.571,1763.077,14.579,16.029,23.444,0.237,0.234,0.96, , , , , , , , ,12943,1423462,8.643,0.079,13106,0.08,0.201,5,tests performed, , , , , , , , , ,0.013297286,1.329728613
2020,8,22,25.7,20.83,91.43,29.49,25.83,25.79,4.73,BGD,Asia,Bangladesh,2020-08-22,292625,2265,2585.714,3907,46,40.286,1776.83,13.753,15.701,23.723,0.279,0.245,0.94, , , , , , , , ,11356,1434818,8.712,0.069,12887,0.078,0.201,5,tests performed, , , , , , , , , ,0.013351559,1.335155916
2020,8,23,11.25,21.14,89.27,30.87,25.51,26.02,4.01,BGD,Asia,Bangladesh,2020-08-23,294598,1973,2578.429,3941,34,40.571,1788.81,11.98,15.656,23.93,0.206,0.246,0.93, , , , , , , , ,10801,1445619,8.778,0.066,12999,0.079,0.198,5,tests performed, , , , , , , , , ,0.013377552,1.337755178
2020,8,24,14.67,21.54,87.48,31.87,25.49,26.32,3.58,BGD,Asia,Bangladesh,2020-08-24,297083,2485,2562.714,3983,42,41.286,1803.899,15.089,15.561,24.185,0.255,0.251,0.94, , , , , , , , ,13382,1459001,8.859,0.081,13121,0.08,0.195,5.1,tests performed, , , , , , , , , ,0.013407028,1.340702767
2020,8,25,8.81,21.72,92.23,30.31,25.9,26.44,4.94,BGD,Asia,Bangladesh,2020-08-25,299628,2545,2469.143,4028,45,41.143,1819.352,15.453,14.993,24.458,0.273,0.25,0.95, , , , , , , , ,14153,1473154,8.945,0.086,13053,0.079,0.189,5.3,tests performed, , , , , , , , , ,0.013443336,1.34433364
2020,8,26,3.49,21.05,90.89,30.28,25.78,25.93,9.89,BGD,Asia,Bangladesh,2020-08-26,302147,2519,2436.571,4082,54,43,1834.648,15.295,14.795,24.786,0.328,0.261,0.94, , , , , , , , ,15070,1488224,9.037,0.092,13109,0.08,0.186,5.4,tests performed, , , , , , , , , ,0.01350998,1.350998024
2020,8,27,10.63,21.32,92.64,29.64,25.99,26.15,6.54,BGD,Asia,Bangladesh,2020-08-27,304583,2436,2374.857,4127,45,43.571,1849.439,14.791,14.42,25.059,0.273,0.265,0.93, , , , , , , , ,15124,1503348,9.128,0.092,13261,0.081,0.179,5.6,tests performed, , , , , , , , , ,0.013549673,1.354967283
2020,8,28,13.85,21.32,88.76,31.25,25.61,26.16,5.15,BGD,Asia,Bangladesh,2020-08-28,306794,2211,2347.714,4174,47,44.714,1862.864,13.425,14.255,25.345,0.285,0.272,0.92, , , , , , , , ,13741,1517089,9.212,0.083,13375,0.081,0.176,5.7,tests performed, , , , , , , , , ,0.01360522,1.360522044
2020,8,29,9,21.63,87.93,31.76,25.82,26.4,4.75,BGD,Asia,Bangladesh,2020-08-29,308925,2131,2328.571,4206,32,42.714,1875.804,12.94,14.139,25.539,0.194,0.259,0.91, , , , , , , , ,11689,1528778,9.283,0.071,13423,0.082,0.173,5.8,tests performed, , , , , , , , , ,0.013614955,1.361495509
2020,8,30,6.1,22.11,88.43,31.9,26.21,26.78,4.4,BGD,Asia,Bangladesh,2020-08-30,310822,1897,2317.714,4248,42,43.857,1887.323,11.519,14.073,25.794,0.255,0.266,0.9, , , , , , , , ,11934,1540712,9.355,0.072,13585,0.082,0.171,5.9,tests performed, , , , , , , , , ,0.013666986,1.366698625
2020,8,31,7.88,22.19,88.25,31.55,26.47,26.85,2.87,BGD,Asia,Bangladesh,2020-08-31,312996,2174,2273.286,4281,33,42.571,1900.523,13.201,13.803,25.994,0.2,0.258,0.91, , , , , , , , ,12454,1553166,9.431,0.076,13452,0.082,0.169,5.9,tests performed, , , , , , , , , ,0.013677491,1.367749109
2020,9,1,19.18,21.59,90.55,30.04,26.18,26.39,3.65,BGD,Asia,Bangladesh,2020-09-01,314946,1950,2188.286,4316,35,41.143,1912.364,11.84,13.287,26.207,0.213,0.25,0.91, , , , , , , , ,12209,1565375,9.505,0.074,13174,0.08,0.166,6,tests performed, , , , , , , , , ,0.013703937,1.370393655
2020,9,2,24.75,20.96,87.85,31.57,25.23,25.95,4.22,BGD,Asia,Bangladesh,2020-09-02,317528,2582,2197.286,4351,35,38.429,1928.042,15.678,13.342,26.419,0.213,0.233,0.92, , , , , , , , ,15204,1580579,9.597,0.092,13194,0.08,0.167,6,tests performed, , , , , , , , , ,0.013702729,1.370272858
2020,9,3,6.1,20.89,84.68,32.41,25.14,25.93,3.31,BGD,Asia,Bangladesh,2020-09-03,319686,2158,2157.571,4383,32,36.571,1941.145,13.103,13.101,26.614,0.194,0.222,0.91, , , , , , , , ,14422,1595001,9.685,0.088,13093,0.08,0.165,6.1,tests performed, , , , , , , , , ,0.013710328,1.371032826
2020,9,4,5.19,21.46,83.98,32.75,25.74,26.36,2.78,BGD,Asia,Bangladesh,2020-09-04,321615,1929,2117.286,4412,29,34,1952.858,11.713,12.856,26.79,0.176,0.206,0.9, , , , , , , , ,13073,1608074,9.764,0.079,12998,0.079,0.163,6.1,tests performed, , , , , , , , , ,0.013718266,1.371826563
2020,9,5,0.32,21.92,85.71,32.56,26.39,26.67,4.49,BGD,Asia,Bangladesh,2020-09-05,323565,1950,2091.429,4447,35,34.429,1964.699,11.84,12.699,27.002,0.213,0.209,0.89, , , , , , , , ,12847,1620921,9.842,0.078,13163,0.08,0.159,6.3,tests performed, , , , , , , , , ,0.013743761,1.374376091
2020,9,6,1.62,21.99,89.59,31.26,26.28,26.7,5.42,BGD,Asia,Bangladesh,2020-09-06,325157,1592,2047.857,4479,32,33,1974.365,9.667,12.435,27.197,0.194,0.2,0.88, , , , , , , , ,11354,1632275,9.911,0.069,13080,0.079,0.157,6.4,tests performed, , , , , , , , , ,0.013774884,1.377488413
2020,9,7,5.73,21.68,89.18,31.46,26.34,26.47,4.88,BGD,Asia,Bangladesh,2020-09-07,327359,2202,2051.857,4516,37,33.571,1987.736,13.371,12.459,27.421,0.225,0.204,0.89, , , , , , , , ,15412,1647687,10.005,0.094,13503,0.082,0.152,6.6,tests performed, , , , , , , , , ,0.013795252,1.379525231
2020,9,8,8.11,21.39,88.36,31.1,26.02,26.26,4,BGD,Asia,Bangladesh,2020-09-08,329251,1892,2043.571,4552,36,33.714,1999.224,11.488,12.409,27.64,0.219,0.205,0.89, , , , , , , , ,14973,1662660,10.096,0.091,13898,0.084,0.147,6.8,tests performed, , , , , , , , , ,0.013825319,1.382531868
2020,9,9,4.03,21.55,87.06,32.17,25.88,26.38,3.97,BGD,Asia,Bangladesh,2020-09-09,331078,1827,1935.714,4593,41,34.571,2010.318,11.094,11.754,27.889,0.249,0.21,0.88, , , , , , , , ,14755,1677415,10.185,0.09,13834,0.084,0.14,7.1,tests performed, , , , , , , , , ,0.013872864,1.38728638
2020,9,10,17.98,22.13,91.19,30.61,26.81,26.76,4.93,BGD,Asia,Bangladesh,2020-09-10,332970,1892,1897.714,4634,41,35.857,2021.806,11.488,11.523,28.138,0.249,0.218,0.88, , , , , , , , ,15559,1692974,10.28,0.094,13996,0.085,0.136,7.4,tests performed, , , , , , , , , ,0.01391717,1.391716971
2020,9,11,13.64,21.62,87.37,31.87,26.29,26.41,4.63,BGD,Asia,Bangladesh,2020-09-11,334762,1792,1878.143,4668,34,36.571,2032.687,10.881,11.404,28.344,0.206,0.222,0.86, , , , , , , , ,14747,1707721,10.369,0.09,14235,0.086,0.132,7.6,tests performed, , , , , , , , , ,0.013944235,1.394423501
2020,9,12,9.45,21.73,89,31.45,25.88,26.52,4.12,BGD,Asia,Bangladesh,2020-09-12,336044,1282,1782.714,4702,34,36.429,2040.472,7.784,10.825,28.551,0.206,0.221,0.85, , , , , , , , ,10723,1718444,10.434,0.065,13932,0.085,0.128,7.8,tests performed, , , , , , , , , ,0.013992215,1.399221531
2020,9,13,16.39,21.82,90.85,31.17,26.47,26.59,4.49,BGD,Asia,Bangladesh,2020-09-13,337520,1476,1766.143,4733,31,36.286,2049.434,8.962,10.724,28.739,0.188,0.22,0.86, , , , , , , , ,12999,1731443,10.513,0.079,14167,0.086,0.125,8,tests performed, , , , , , , , , ,0.014022873,1.402287272
2020,9,14,5.33,21.57,90.18,30.84,26.04,26.39,4.27,BGD,Asia,Bangladesh,2020-09-14,339332,1812,1710.429,4759,26,34.714,2060.436,11.003,10.386,28.897,0.158,0.211,0.88, , , , , , , , ,14216,1745659,10.6,0.086,13996,0.085,0.122,8.2,tests performed, , , , , , , , , ,0.014024613,1.402461306
2020,9,15,8.65,21.74,90.39,30.93,26.02,26.51,3.94,BGD,Asia,Bangladesh,2020-09-15,341056,1724,1686.429,4802,43,35.714,2070.905,10.468,10.24,29.158,0.261,0.217,0.89, , , , , , , , ,14050,1759709,10.685,0.085,13864,0.084,0.122,8.2,tests performed, , , , , , , , , ,0.014079799,1.407979921
2020,9,16,3.05,21.58,91.07,30.23,26.38,26.38,5.14,BGD,Asia,Bangladesh,2020-09-16,342671,1615,1656.143,4823,21,32.857,2080.711,9.806,10.056,29.285,0.128,0.2,0.89, , , , , , , , ,13360,1773069,10.766,0.081,13665,0.083,0.121,8.3,tests performed, , , , , , , , , ,0.014074725,1.407472474
2020,9,17,10.47,21.89,90.94,30.77,26.2,26.61,4.32,BGD,Asia,Bangladesh,2020-09-17,344264,1593,1613.429,4859,36,32.143,2090.384,9.673,9.797,29.504,0.219,0.195,0.9, , , , , , , , ,13673,1786742,10.849,0.083,13395,0.081,0.12,8.3,tests performed, , , , , , , , , ,0.014114168,1.41141682
2020,9,18,1.25,21.16,81.6,32.8,26.24,26.08,1.45,BGD,Asia,Bangladesh,2020-09-18,345805,1541,1577.571,4881,22,30.429,2099.741,9.357,9.579,29.638,0.134,0.185,0.9, , , , , , , , ,12730,1799472,10.926,0.077,13107,0.08,0.12,8.3,tests performed, , , , , , , , , ,0.014114891,1.411489134
2020,9,19,5.15,22.31,87.08,32.57,26.31,26.87,3.27,BGD,Asia,Bangladesh,2020-09-19,347372,1567,1618.286,4913,32,30.143,2109.256,9.515,9.826,29.832,0.194,0.183,0.91, , , , , , , , ,13170,1812642,11.006,0.08,13457,0.082,0.12,8.3,tests performed, , , , , , , , , ,0.014143339,1.414333913
2020,9,20,4.22,23.29,87.63,33.39,27.32,27.57,3.8,BGD,Asia,Bangladesh,2020-09-20,348918,1546,1628.286,4939,26,29.429,2118.643,9.387,9.887,29.99,0.158,0.179,0.91, , , , , , , , ,11591,1824233,11.077,0.07,13256,0.08,0.123,8.1,tests performed, , , , , , , , , ,0.014155188,1.415518833
2020,9,21,20.18,22.36,92.62,30.1,27.08,26.89,6.74,BGD,Asia,Bangladesh,2020-09-21,350621,1703,1612.714,4979,40,31.429,2128.984,10.341,9.792,30.233,0.243,0.191,0.92, , , , , , , , ,13053,1837286,11.156,0.079,13090,0.079,0.123,8.1,tests performed, , , , , , , , , ,0.014200519,1.420051851
2020,9,22,17.81,22.55,93.92,29.93,27.09,27.07,7.27,BGD,Asia,Bangladesh,2020-09-22,352178,1557,1588.857,5007,28,29.286,2138.438,9.454,9.648,30.403,0.17,0.178,0.92, , , , , , , , ,14164,1851450,11.242,0.086,13106,0.08,0.121,8.2,tests performed, , , , , , , , , ,0.014217242,1.421724242
2020,9,23,22.25,22.25,94.43,29.42,26.96,26.88,6.22,BGD,Asia,Bangladesh,2020-09-23,353844,1666,1596.143,5044,37,31.571,2148.554,10.116,9.692,30.627,0.225,0.192,0.92, , , , , , , , ,14150,1865600,11.328,0.086,13219,0.08,0.121,8.3,tests performed, , , , , , , , , ,0.014254869,1.425486938
2020,9,24,17.44,21.94,94.61,29.05,26.47,26.66,6.28,BGD,Asia,Bangladesh,2020-09-24,355384,1540,1588.571,5072,28,30.429,2157.905,9.351,9.646,30.797,0.17,0.185,0.9, , , , , , , , ,12900,1878500,11.406,0.078,13108,0.08,0.121,8.3,tests performed, , , , , , , , , ,0.014271886,1.427188619
2020,9,25,33.23,22.18,95.16,29.29,26.4,26.81,5.98,BGD,Asia,Bangladesh,2020-09-25,356767,1383,1566,5093,21,30.286,2166.302,8.398,9.509,30.925,0.128,0.184,0.89, , , , , , , , ,12473,1890973,11.482,0.076,13072,0.079,0.12,8.3,tests performed, , , , , , , , , ,0.014275423,1.427542346
2020,9,26,44.62,22.11,94.61,29.67,26.21,26.74,7.06,BGD,Asia,Bangladesh,2020-09-26,357873,1106,1500.143,5129,36,30.857,2173.018,6.716,9.109,31.143,0.219,0.187,0.88, , , , , , , , ,10765,1901738,11.547,0.065,12728,0.077,0.118,8.5,tests performed, , , , , , , , , ,0.0143319,1.433189986
2020,9,27,9.99,21.57,91.52,30.42,26.08,26.36,4.93,BGD,Asia,Bangladesh,2020-09-27,359148,1275,1461.429,5161,32,31.714,2180.76,7.742,8.874,31.338,0.194,0.193,0.89, , , , , , , , ,10685,1912423,11.612,0.065,12599,0.077,0.116,8.6,tests performed, , , , , , , , , ,0.01437012,1.43701204
2020,9,28,1.59,21.15,86.72,31.62,25.62,26.06,2.85,BGD,Asia,Bangladesh,2020-09-28,360555,1407,1419.143,5193,32,30.571,2189.303,8.543,8.617,31.532,0.194,0.186,0.91, , , , , , , , ,11922,1924345,11.685,0.072,12437,0.076,0.114,8.8,tests performed, , , , , , , , , ,0.014402796,1.440279569
2020,9,29,0.2,21.08,85.47,31.39,25.8,26,2.03,BGD,Asia,Bangladesh,2020-09-29,362043,1488,1409.286,5219,26,30.286,2198.338,9.035,8.557,31.69,0.158,0.184,0.93, , , , , , , , ,12869,1937214,11.763,0.078,12252,0.074,0.115,8.7,tests performed, , , , , , , , , ,0.014415415,1.441541474
2020,9,30,1.14,21.01,85.46,31.29,26.51,25.94,1.89,BGD,Asia,Bangladesh,2020-09-30,363479,1436,1376.429,5251,32,29.571,2207.058,8.719,8.358,31.884,0.194,0.18,0.93, , , , , , , , ,13404,1950618,11.844,0.081,12145,0.074,0.113,8.8,tests performed, , , , , , , , , ,0.014446502,1.444650172
2020,10,1,18.29,21.29,91.18,29.94,26,26.12,3.65,BGD,Asia,Bangladesh,2020-10-01,364987,1508,1371.857,5272,21,28.571,2216.215,9.157,8.33,32.012,0.128,0.173,0.94, , , , , , , , ,11420,1962038,11.914,0.069,11934,0.072,0.115,8.7,tests performed, , , , , , , , , ,0.01444435,1.444435007
2020,10,2,22.65,21.22,90.49,30.13,25.75,26.09,2.83,BGD,Asia,Bangladesh,2020-10-02,366383,1396,1373.714,5305,33,30.286,2224.691,8.477,8.341,32.212,0.2,0.184,0.93, , , , , , , , ,11176,1973214,11.981,0.068,11749,0.071,0.117,8.6,tests performed, , , , , , , , , ,0.014479384,1.44793836
2020,10,3,9.74,21.42,89.15,30.87,25.92,26.26,2.79,BGD,Asia,Bangladesh,2020-10-03,367565,1182,1384.571,5325,20,28,2231.868,7.177,8.407,32.334,0.121,0.17,0.93, , , , , , , , ,9554,1982768,12.039,0.058,11576,0.07,0.12,8.4,tests performed, , , , , , , , , ,0.014487234,1.448723355
2020,10,4,8.57,21.13,89.55,30.33,25.83,26.04,2.8,BGD,Asia,Bangladesh,2020-10-04,368690,1125,1363.143,5348,23,26.714,2238.699,6.831,8.277,32.473,0.14,0.162,0.94, , , , , , , , ,9859,1992627,12.099,0.06,11458,0.07,0.119,8.4,tests performed, , , , , , , , , ,0.014505411,1.450541105
2020,10,5,16.86,21,90.83,29.98,25.66,25.93,3.19,BGD,Asia,Bangladesh,2020-10-05,370132,1442,1368.143,5375,27,26,2247.455,8.756,8.307,32.637,0.164,0.158,0.96, , , , , , , , ,11767,2004394,12.171,0.071,11436,0.069,0.12,8.4,tests performed, , , , , , , , , ,0.014521846,1.452184626
2020,10,6,41.12,19.97,89.77,29.19,25.37,25.13,3.8,BGD,Asia,Bangladesh,2020-10-06,371631,1499,1369.714,5405,30,26.571,2256.557,9.102,8.317,32.819,0.182,0.161,0.98, , , , , , , , ,12345,2016739,12.246,0.075,11361,0.069,0.121,8.3,tests performed, , , , , , , , , ,0.014543997,1.45439966
2020,10,7,15.03,20.15,88.84,30.41,24.56,25.3,2.87,BGD,Asia,Bangladesh,2020-10-07,373151,1520,1381.714,5440,35,27,2265.787,9.229,8.39,33.032,0.213,0.164,0.99, , , , , , , , ,13032,2029771,12.325,0.079,11308,0.069,0.122,8.2,tests performed, , , , , , , , , ,0.014578549,1.457854863
2020,10,8,14.86,20.13,81.98,32.01,24.73,25.33,1.65,BGD,Asia,Bangladesh,2020-10-08,374592,1441,1372.143,5460,20,26.857,2274.536,8.75,8.332,33.153,0.121,0.163,0.98, , , , , , , , ,12605,2042376,12.401,0.077,11477,0.07,0.12,8.4,tests performed, , , , , , , , , ,0.014575859,1.457585853
2020,10,9,0.36,21.13,83.18,32.53,25.92,26.11,1.94,BGD,Asia,Bangladesh,2020-10-09,375870,1278,1355.286,5477,17,24.571,2282.296,7.76,8.229,33.257,0.103,0.149,0.97, , , , , , , , ,11256,2053632,12.47,0.068,11488,0.07,0.118,8.5,tests performed, , , , , , , , , ,0.014571527,1.457152739
2020,10,10,0.07,21.33,83.12,32.35,26.47,26.25,1.72,BGD,Asia,Bangladesh,2020-10-10,377073,1203,1358.286,5500,23,25,2289.601,7.305,8.248,33.396,0.14,0.152,0.97, , , , , , , , ,10859,2064491,12.536,0.066,11675,0.071,0.116,8.6,tests performed, , , , , , , , , ,0.014586035,1.458603506
2020,10,11,3.39,21.06,81.42,32.75,26.33,26.04,1.65,BGD,Asia,Bangladesh,2020-10-11,378266,1193,1368,5524,24,25.143,2296.845,7.244,8.307,33.542,0.146,0.153,0.99, , , , , , , , ,9467,2073958,12.593,0.057,11619,0.071,0.118,8.5,tests performed, , , , , , , , , ,0.01460348,1.460348009
2020,10,12,7.66,20.64,80.53,32.67,25.86,25.7,1.23,BGD,Asia,Bangladesh,2020-10-12,379738,1472,1372.286,5555,31,25.714,2305.783,8.938,8.333,33.73,0.188,0.156,1.02, , , , , , , , ,13227,2087185,12.673,0.08,11827,0.072,0.116,8.6,tests performed, , , , , , , , , ,0.014628507,1.462850702
2020,10,13,5.81,20.61,79.13,32.93,26.19,25.7,1.21,BGD,Asia,Bangladesh,2020-10-13,381275,1537,1377.714,5577,22,24.571,2315.116,9.333,8.366,33.864,0.134,0.149,1.04, , , , , , , , ,13815,2101000,12.757,0.084,12037,0.073,0.114,8.7,tests performed, , , , , , , , , ,0.014627238,1.462723756
2020,10,14,5.7,20.98,82.92,32.42,26.48,25.97,1.83,BGD,Asia,Bangladesh,2020-10-14,382959,1684,1401.143,5593,16,21.857,2325.341,10.225,8.508,33.961,0.097,0.133,1.05, , , , , , , , ,14411,2115411,12.845,0.088,12234,0.074,0.115,8.7,tests performed, , , , , , , , , ,0.014604697,1.460469659
2020,10,15,1.24,20.64,80.5,33.13,26.58,25.72,1.79,BGD,Asia,Bangladesh,2020-10-15,384559,1600,1423.857,5608,15,21.143,2335.056,9.715,8.646,34.052,0.091,0.128,1.04, , , , , , , , ,14104,2129515,12.93,0.086,12448,0.076,0.114,8.7,tests performed, , , , , , , , , ,0.014582938,1.458293786
2020,10,16,1.65,20.52,80.28,32.61,26.04,25.62,1.83,BGD,Asia,Bangladesh,2020-10-16,386086,1527,1459.429,5623,15,20.857,2344.328,9.272,8.862,34.143,0.091,0.127,1.02, , , , , , , , ,13577,2143092,13.013,0.082,12780,0.078,0.114,8.8,tests performed, , , , , , , , , ,0.014564113,1.456411266
2020,10,17,0.33,20.69,82.22,32.48,25.66,25.74,2.11,BGD,Asia,Bangladesh,2020-10-17,387295,1209,1460.286,5646,23,20.857,2351.67,7.341,8.867,34.283,0.14,0.127,1, , , , , , , , ,11573,2154665,13.083,0.07,12882,0.078,0.113,8.8,tests performed, , , , , , , , , ,0.014578035,1.457803483
2020,10,18,2,20.53,84.51,31.25,26.16,25.61,1.9,BGD,Asia,Bangladesh,2020-10-18,388569,1274,1471.857,5660,14,19.429,2359.405,7.736,8.937,34.368,0.085,0.118,1.01, , , , , , , , ,11866,2166531,13.155,0.072,13225,0.08,0.111,9,tests performed, , , , , , , , , ,0.014566268,1.456626751
2020,10,19,0.62,19.7,81.56,31.48,25.11,24.94,1.81,BGD,Asia,Bangladesh,2020-10-19,390206,1637,1495.429,5681,21,18,2369.345,9.94,9.08,34.495,0.128,0.109,1.02, , , , , , , , ,15146,2181677,13.247,0.092,13499,0.082,0.111,9,tests performed, , , , , , , , , ,0.014558977,1.455897654
2020,10,20,3.2,19.89,84.81,31.5,24.7,25.08,2.79,BGD,Asia,Bangladesh,2020-10-20,391586,1380,1473,5699,18,17.429,2377.725,8.379,8.944,34.605,0.109,0.106,1.02, , , , , , , , ,13611,2195288,13.33,0.083,13470,0.082,0.109,9.1,tests performed, , , , , , , , , ,0.014553636,1.455363573
2020,10,21,19.35,20.3,93.44,28.59,24.99,25.39,3.9,BGD,Asia,Bangladesh,2020-10-21,393131,1545,1453.143,5723,24,18.571,2387.106,9.381,8.824,34.75,0.146,0.113,1.03, , , , , , , , ,14086,2209374,13.415,0.086,13423,0.082,0.108,9.2,tests performed, , , , , , , , , ,0.014557488,1.455748847
2020,10,22,63.3,19.61,95.29,27.18,24.37,24.79,5.28,BGD,Asia,Bangladesh,2020-10-22,394827,1696,1466.857,5747,24,19.857,2397.404,10.298,8.907,34.896,0.146,0.121,1.02, , , , , , , , ,14958,2224332,13.506,0.091,13545,0.082,0.108,9.2,tests performed, , , , , , , , , ,0.014555742,1.455574214
2020,10,23,96.07,19.75,95.5,27.66,23.69,24.84,4.09,BGD,Asia,Bangladesh,2020-10-23,396413,1586,1475.286,5761,14,19.714,2407.034,9.63,8.958,34.981,0.085,0.12,1.01, , , , , , , , ,14119,2238451,13.592,0.086,13623,0.083,0.108,9.2,tests performed, , , , , , , , , ,0.014532823,1.453282309
2020,10,24,3.24,19.46,91.34,29.11,24.24,24.64,4.84,BGD,Asia,Bangladesh,2020-10-24,397507,1094,1458.857,5780,19,19.143,2413.677,6.643,8.858,35.096,0.115,0.116,0.98, , , , , , , , ,10998,2249449,13.659,0.067,13541,0.082,0.108,9.3,tests performed, , , , , , , , , ,0.014540624,1.454062444
2020,10,25,2.93,18.41,84.98,29.91,23.73,23.84,2.01,BGD,Asia,Bangladesh,2020-10-25,398815,1308,1463.714,5803,23,20.429,2421.619,7.942,8.888,35.236,0.14,0.124,0.99, , , , , , , , ,10998,2260447,13.726,0.067,13417,0.081,0.109,9.2,tests performed, , , , , , , , , ,0.014550606,1.455060617
2020,10,26,0.82,18.25,83.39,30.26,23.13,23.72,2.13,BGD,Asia,Bangladesh,2020-10-26,400251,1436,1435,5818,15,19.571,2430.339,8.719,8.713,35.327,0.091,0.119,1, , , , , , , , ,11103,2271550,13.793,0.067,12839,0.078,0.112,8.9,tests performed, , , , , , , , , ,0.014535879,1.453587874
2020,10,27,0,17.75,85.02,29.86,22.54,23.24,3.27,BGD,Asia,Bangladesh,2020-10-27,401586,1335,1428.571,5838,20,19.857,2438.445,8.106,8.674,35.449,0.121,0.121,1.01, , , , , , , , ,12617,2284167,13.87,0.077,12697,0.077,0.113,8.9,tests performed, , , , , , , , , ,0.014537359,1.453735937
2020,10,28,0,17.66,85.22,29.99,21.79,23.17,3.49,BGD,Asia,Bangladesh,2020-10-28,403079,1493,1421.143,5861,23,19.714,2447.511,9.066,8.629,35.588,0.14,0.12,1.03, , , , , , , , ,12357,2296524,13.945,0.075,12450,0.076,0.114,8.8,tests performed, , , , , , , , , ,0.014540574,1.454057393
2020,10,29,0.29,18.62,83.91,31.38,22.73,24.05,2.64,BGD,Asia,Bangladesh,2020-10-29,404760,1681,1419,5886,25,19.857,2457.718,10.207,8.616,35.74,0.152,0.121,1.05, , , , , , , , ,14268,2310792,14.031,0.087,12351,0.075,0.115,8.7,tests performed, , , , , , , , , ,0.014541951,1.454195079
2020,10,30,1.64,20.09,86.76,31.26,23.84,25.26,3.48,BGD,Asia,Bangladesh,2020-10-30,406364,1604,1421.571,5905,19,20.571,2467.457,9.74,8.632,35.855,0.115,0.125,1.05, , , , , , , , ,14141,2324933,14.117,0.086,12355,0.075,0.115,8.7,tests performed, , , , , , , , , ,0.014531307,1.453130691
2020,10,31,24.77,19.89,94.03,27.94,24.48,25.08,4.05,BGD,Asia,Bangladesh,2020-10-31,407684,1320,1453.857,5923,18,20.429,2475.472,8.015,8.828,35.965,0.109,0.124,1.04, , , , , , , , ,11532,2336465,14.187,0.07,12431,0.075,0.117,8.6,tests performed, , , , , , , , , ,0.014528409,1.452840926
2020,11,1,18.11,18.19,88.68,28.07,23.75,23.65,3.18,BGD,Asia,Bangladesh,2020-11-01,409252,1568,1491,5941,18,19.714,2484.993,9.521,9.053,36.074,0.109,0.12,1.05, , , , , , , , ,11532,2347997,14.257,0.07,12507,0.076,0.119,8.4,tests performed, , , , , , , , , ,0.014516728,1.451672808
2020,11,2,8.65,18.5,85.35,29.87,23.3,23.95,1.28,BGD,Asia,Bangladesh,2020-11-02,410988,1736,1533.857,5966,25,21.143,2495.534,10.541,9.314,36.226,0.152,0.128,1.06, , , , , , , , ,11532,2359529,14.327,0.07,12568,0.076,0.122,8.2,tests performed, , , , , , , , , ,0.014516239,1.451623892
2020,11,3,3.29,18.81,84.37,30.18,24.47,24.23,0.98,BGD,Asia,Bangladesh,2020-11-03,412647,1659,1580.143,5983,17,20.714,2505.608,10.074,9.595,36.329,0.103,0.126,1.06, , , , , , , , ,14061,2373590,14.413,0.085,12775,0.078,0.124,8.1,tests performed, , , , , , , , , ,0.014499075,1.449907548
2020,11,4,1.2,14.76,77.56,28.03,21.19,20.33,2.95,BGD,Asia,Bangladesh,2020-11-04,414164,1517,1583.571,6004,21,20.429,2514.819,9.211,9.616,36.457,0.128,0.124,1.05, , , , , , , , ,13914,2387504,14.497,0.084,12997,0.079,0.122,8.2,tests performed, , , , , , , , , ,0.014496673,1.449667282
2020,11,5,0,11.68,66.3,29.31,18.63,16.69,2.67,BGD,Asia,Bangladesh,2020-11-05,416006,1842,1606.571,6021,17,19.286,2526.004,11.185,9.755,36.56,0.103,0.117,1.05, , , , , , , , ,15225,2402729,14.589,0.092,13134,0.08,0.122,8.2,tests performed, , , , , , , , , ,0.014473349,1.447334894
2020,11,6,0,11.19,71.79,26.44,16.74,16.03,3.12,BGD,Asia,Bangladesh,2020-11-06,417475,1469,1587.286,6036,15,18.714,2534.924,8.92,9.638,36.651,0.091,0.114,1.03, , , , , , , , ,13521,2416250,14.672,0.082,13045,0.079,0.122,8.2,tests performed, , , , , , , , , ,0.014458351,1.44583508
2020,11,7,0,12.29,76.9,27.54,15.69,17.47,3.29,BGD,Asia,Bangladesh,2020-11-07,418764,1289,1582.857,6049,13,18,2542.75,7.827,9.611,36.73,0.079,0.109,1.02, , , , , , , , ,11419,2427669,14.741,0.069,13029,0.079,0.121,8.2,tests performed, , , , , , , , , ,0.01444489,1.44448902
2020,11,8,0,13.55,77.49,28.69,17.53,19.01,2.35,BGD,Asia,Bangladesh,2020-11-08,420238,1474,1569.429,6067,18,18,2551.701,8.95,9.53,36.839,0.109,0.109,1.04, , , , , , , , ,12760,2440429,14.818,0.077,13205,0.08,0.119,8.4,tests performed, , , , , , , , , ,0.014437057,1.44370571
2020,11,9,0,14.68,78,29.22,19.18,20.27,1.99,BGD,Asia,Bangladesh,2020-11-09,421921,1683,1561.857,6092,25,18,2561.92,10.219,9.484,36.991,0.152,0.109,1.06, , , , , , , , ,14042,2454471,14.904,0.085,13563,0.082,0.115,8.7,tests performed, , , , , , , , , ,0.014438722,1.443872194
2020,11,10,0,15.01,81.69,28.74,18.88,20.6,2.77,BGD,Asia,Bangladesh,2020-11-10,423620,1699,1567.571,6108,16,17.857,2572.236,10.316,9.518,37.088,0.097,0.108,1.08, , , , , , , , ,13520,2467991,14.986,0.082,13486,0.082,0.116,8.6,tests performed, , , , , , , , , ,0.014418583,1.441858269
2020,11,11,0,14.8,81.56,29.21,18.93,20.39,3.37,BGD,Asia,Bangladesh,2020-11-11,425353,1733,1598.429,6127,19,17.571,2582.759,10.523,9.706,37.203,0.115,0.107,1.09, , , , , , , , ,14524,2482515,15.074,0.088,13573,0.082,0.118,8.5,tests performed, , , , , , , , , ,0.014404506,1.440450637
2020,11,12,0,14.92,79.35,29.83,18.97,20.54,2.35,BGD,Asia,Bangladesh,2020-11-12,427198,1845,1598.857,6140,13,17,2593.962,11.203,9.708,37.282,0.079,0.103,1.1, , , , , , , , ,17112,2499627,15.178,0.104,13843,0.084,0.115,8.7,tests performed, , , , , , , , , ,0.014372726,1.437272646
2020,11,13,0,16.2,84.74,29.7,20.15,21.82,3.37,BGD,Asia,Bangladesh,2020-11-13,428965,1767,1641.429,6159,19,17.571,2604.691,10.729,9.967,37.398,0.115,0.107,1.1, , , , , , , , ,13539,2513166,15.26,0.082,13845,0.084,0.119,8.4,tests performed, , , , , , , , , ,0.014357815,1.435781474
2020,11,14,0,15.7,85.82,28.89,19.98,21.3,3.74,BGD,Asia,Bangladesh,2020-11-14,430496,1531,1676,6173,14,17.714,2613.988,9.296,10.177,37.483,0.085,0.108,1.11, , , , , , , , ,11795,2524961,15.332,0.072,13899,0.084,0.121,8.3,tests performed, , , , , , , , , ,0.014339274,1.433927377
2020,11,15,0,14.84,84.56,28.29,18.49,20.39,3.38,BGD,Asia,Bangladesh,2020-11-15,432333,1837,1727.857,6194,21,18.143,2625.142,11.154,10.492,37.61,0.128,0.11,1.13, , , , , , , , ,14060,2539021,15.417,0.085,14085,0.086,0.123,8.2,tests performed, , , , , , , , , ,0.014326919,1.43269193
2020,11,16,0,15.02,83.5,28.54,19.16,20.59,2.32,BGD,Asia,Bangladesh,2020-11-16,434472,2139,1793,6215,21,17.571,2638.13,12.988,10.887,37.738,0.128,0.107,1.16, , , , , , , , ,15768,2554789,15.513,0.096,14331,0.087,0.125,8,tests performed, , , , , , , , , ,0.014304719,1.430471929
2020,11,17,0,14.86,82.83,27.59,19.49,20.4,3.1,BGD,Asia,Bangladesh,2020-11-17,436684,2212,1866.286,6254,39,20.857,2651.561,13.431,11.332,37.975,0.237,0.127,1.17, , , , , , , , ,15990,2570779,15.61,0.097,14684,0.089,0.127,7.9,tests performed, , , , , , , , , ,0.014321569,1.432156891
2020,11,18,0,13.4,75.11,27.29,18.49,18.82,2.22,BGD,Asia,Bangladesh,2020-11-18,438795,2111,1920.286,6275,21,21.143,2664.379,12.818,11.66,38.102,0.128,0.128,1.16, , , , , , , , ,16469,2587248,15.71,0.1,14962,0.091,0.128,7.8,tests performed, , , , , , , , , ,0.014300528,1.430052758
2020,11,19,0,13.24,76.56,27.03,18.4,18.61,1.85,BGD,Asia,Bangladesh,2020-11-19,441159,2364,1994.429,6305,30,23.571,2678.734,14.354,12.11,38.284,0.182,0.143,1.16, , , , , , , , ,17531,2604779,15.816,0.106,15022,0.091,0.133,7.5,tests performed, , , , , , , , , ,0.014291899,1.429189929
2020,11,20,1.44,14.55,82.48,28.13,18.62,20.07,2.68,BGD,Asia,Bangladesh,2020-11-20,443434,2275,2067,6322,17,23.286,2692.548,13.814,12.551,38.387,0.103,0.141,1.14, , , , , , , , ,15607,2620386,15.911,0.095,15317,0.093,0.135,7.4,tests performed, , , , , , , , , ,0.014256913,1.425691309
2020,11,21,8.71,15.15,85.28,27.48,19.76,20.69,2.09,BGD,Asia,Bangladesh,2020-11-21,445281,1847,2112.143,6350,28,25.286,2703.763,11.215,12.825,38.557,0.17,0.154,1.11, , , , , , , , ,12643,2633029,15.988,0.077,15438,0.094,0.137,7.3,tests performed, , , , , , , , , ,0.014260658,1.426065788
2020,11,22,1.55,11.68,76.26,25.19,16.53,16.67,4.24,BGD,Asia,Bangladesh,2020-11-22,447341,2060,2144,6388,38,27.714,2716.271,12.508,13.018,38.788,0.231,0.168,1.11, , , , , , , , ,13870,2646899,16.072,0.084,15411,0.094,0.139,7.2,tests performed, , , , , , , , , ,0.014279934,1.42799341
2020,11,23,0.2,9.68,75.65,23.86,12.92,13.77,4.27,BGD,Asia,Bangladesh,2020-11-23,449760,2419,2184,6416,28,28.714,2730.959,14.688,13.261,38.958,0.17,0.174,1.11, , , , , , , , ,16059,2662958,16.17,0.098,15453,0.094,0.141,7.1,tests performed, , , , , , , , , ,0.014265386,1.426538598
2020,11,24,0,10.95,79.85,25.02,13.09,15.64,2.61,BGD,Asia,Bangladesh,2020-11-24,451990,2230,2186.571,6448,32,27.714,2744.5,13.541,13.277,39.152,0.194,0.168,1.09, , , , , , , , ,15018,2677976,16.261,0.091,15314,0.093,0.143,7,tests performed, , , , , , , , , ,0.014265802,1.426580234
2020,11,25,0,12.16,83.66,25.83,14.49,17.26,2.6,BGD,Asia,Bangladesh,2020-11-25,454146,2156,2193,6487,39,30.286,2757.591,13.091,13.316,39.389,0.237,0.184,1.08, , , , , , , , ,16001,2693977,16.358,0.097,15247,0.093,0.144,7,tests performed, , , , , , , , , ,0.014283953,1.428395274
2020,11,26,0,12.8,86.65,25.65,16.08,18.05,2.85,BGD,Asia,Bangladesh,2020-11-26,456438,2292,2182.714,6524,37,31.286,2771.508,13.917,13.254,39.614,0.225,0.19,1.07, , , , , , , , ,17052,2711029,16.461,0.104,15179,0.092,0.144,7,tests performed, , , , , , , , , ,0.014293288,1.429328846
2020,11,27,0,13.08,86.25,26.09,16.34,18.4,3.63,BGD,Asia,Bangladesh,2020-11-27,458711,2273,2182.429,6544,20,31.714,2785.31,13.802,13.252,39.735,0.121,0.193,1.05, , , , , , , , ,16378,2727407,16.561,0.099,15289,0.093,0.143,7,tests performed, , , , , , , , , ,0.014266063,1.426606295
2020,11,28,0,13.23,88.01,26.32,16.6,18.58,4.42,BGD,Asia,Bangladesh,2020-11-28,460619,1908,2191.143,6580,36,32.857,2796.896,11.585,13.305,39.954,0.219,0.2,1.03, , , , , , , , ,14012,2741419,16.646,0.085,15484,0.094,0.142,7.1,tests performed, , , , , , , , , ,0.014285125,1.428512502
2020,11,29,0,12.59,86.68,26.41,15.3,17.8,4.52,BGD,Asia,Bangladesh,2020-11-29,462407,1788,2152.286,6609,29,31.571,2807.752,10.857,13.069,40.13,0.176,0.192,1.02, , , , , , , , ,13737,2755156,16.729,0.083,15465,0.094,0.139,7.2,tests performed, , , , , , , , , ,0.014292604,1.42926037
2020,11,30,0,11.94,83.13,26.32,14.19,16.98,3.48,BGD,Asia,Bangladesh,2020-11-30,464932,2525,2167.429,6644,35,32.571,2823.084,15.332,13.161,40.343,0.213,0.198,1.04, , , , , , , , ,15372,2770528,16.823,0.093,15367,0.093,0.141,7.1,tests performed, , , , , , , , , ,0.014290262,1.42902618
2020,12,1,0,12.46,83.15,26.44,15.13,17.65,2.65,BGD,Asia,Bangladesh,2020-12-01,467225,2293,2176.429,6675,31,32.429,2837.007,13.923,13.215,40.531,0.188,0.197,1.03, , , , , , , , ,15501,2786029,16.917,0.094,15436,0.094,0.141,7.1,tests performed, , , , , , , , , ,0.014286479,1.428647868
2020,12,2,0,12.28,80.46,25.99,16.21,17.41,2.21,BGD,Asia,Bangladesh,2020-12-02,469423,2198,2182.429,6713,38,32.286,2850.354,13.346,13.252,40.762,0.231,0.196,1.02, , , , , , , , ,15972,2802001,17.014,0.097,15432,0.094,0.141,7.1,tests performed, , , , , , , , , ,0.014300535,1.430053491
2020,12,3,0,11.98,77.45,25.84,16.76,17.03,1.97,BGD,Asia,Bangladesh,2020-12-03,471739,2316,2185.857,6748,35,32,2864.417,14.063,13.273,40.974,0.213,0.194,1.01, , , , , , , , ,16807,2818808,17.116,0.102,15397,0.093,0.142,7,tests performed, , , , , , , , , ,0.01430452,1.430452008
2020,12,4,0,11.34,76.31,25.37,15.98,16.18,2.09,BGD,Asia,Bangladesh,2020-12-04,473991,2252,2182.857,6772,24,32.571,2878.091,13.674,13.254,41.12,0.146,0.198,0.99, , , , , , , , ,15430,2834238,17.21,0.094,15262,0.093,0.143,7,tests performed, , , , , , , , , ,0.014287191,1.428719111
2020,12,5,0,11.19,75.71,24.87,16.43,15.99,1.69,BGD,Asia,Bangladesh,2020-12-05,475789,1798,2167.143,6807,35,32.429,2889.008,10.918,13.159,41.332,0.213,0.197,0.96, , , , , , , , ,13540,2847778,17.292,0.082,15194,0.092,0.143,7,tests performed, , , , , , , , , ,0.014306762,1.430676203
2020,12,6,0,11.58,77,25.12,16.08,16.54,1.5,BGD,Asia,Bangladesh,2020-12-06,477545,1756,2162.571,6838,31,32.714,2899.671,10.662,13.131,41.521,0.188,0.199,0.95, , , , , , , , ,13218,2860996,17.372,0.08,15120,0.092,0.143,7,tests performed, , , , , , , , , ,0.014319069,1.431906941
2020,12,7,0,11.94,82.6,25.12,15.72,17,1.76,BGD,Asia,Bangladesh,2020-12-07,479743,2198,2115.857,6874,36,32.857,2913.017,13.346,12.848,41.739,0.219,0.2,0.96, , , , , , , , ,14369,2875365,17.459,0.087,14977,0.091,0.141,7.1,tests performed, , , , , , , , , ,0.014328505,1.432850505
2020,12,8,0,12.15,87.15,24.35,15.43,17.24,2.56,BGD,Asia,Bangladesh,2020-12-08,481945,2202,2102.857,6906,32,33,2926.388,13.371,12.769,41.933,0.194,0.2,0.95, , , , , , , , ,17084,2892449,17.563,0.104,15203,0.092,0.138,7.2,tests performed, , , , , , , , , ,0.014329436,1.432943593
2020,12,9,0,11.65,82.03,24.03,16.1,16.59,1.25,BGD,Asia,Bangladesh,2020-12-09,484104,2159,2097.286,6930,24,31,2939.497,13.11,12.735,42.079,0.146,0.188,0.93, , , , , , , , ,17042,2909491,17.667,0.103,15356,0.093,0.137,7.3,tests performed, , , , , , , , , ,0.014315106,1.431510585
2020,12,10,0,11.48,81.32,23.93,15.97,16.35,1.18,BGD,Asia,Bangladesh,2020-12-10,485965,1861,2032.286,6967,37,31.286,2950.797,11.3,12.34,42.304,0.225,0.19,0.9, , , , , , , , ,16265,2925756,17.765,0.099,15278,0.093,0.133,7.5,tests performed, , , , , , , , , ,0.014336423,1.43364234
2020,12,11,0.01,11.18,82.65,23.36,15.18,15.94,1.83,BGD,Asia,Bangladesh,2020-12-11,487849,1884,1979.714,6986,19,30.571,2962.237,11.44,12.021,42.419,0.115,0.186,0.88, , , , , , , , ,16323,2942079,17.864,0.099,15406,0.094,0.129,7.8,tests performed, , , , , , , , , ,0.014320005,1.432000476
2020,12,12,0,10.95,83.71,22.8,15.04,15.59,1.95,BGD,Asia,Bangladesh,2020-12-12,489178,1329,1912.714,7020,34,30.429,2970.307,8.07,11.614,42.626,0.206,0.185,0.85, , , , , , , , ,12630,2954709,17.941,0.077,15276,0.093,0.125,8,tests performed, , , , , , , , , ,0.014350604,1.435060448
2020,12,13,0,11.35,81.15,24.13,15.3,16.14,1.58,BGD,Asia,Bangladesh,2020-12-13,490533,1355,1855.429,7052,32,30.571,2978.534,8.228,11.266,42.82,0.194,0.186,0.84, , , , , , , , ,12748,2967457,18.019,0.077,15209,0.092,0.122,8.2,tests performed, , , , , , , , , ,0.014376199,1.437619895
2020,12,14,0,11.44,82.51,24.2,15,16.29,2.38,BGD,Asia,Bangladesh,2020-12-14,492332,1799,1798.429,7089,37,30.714,2989.458,10.924,10.92,43.045,0.225,0.186,0.86, , , , , , , , ,16828,2984285,18.121,0.102,15560,0.094,0.116,8.7,tests performed, , , , , , , , , ,0.01439882,1.439882031
2020,12,15,0,11.01,84.98,23.75,14.28,15.7,3.85,BGD,Asia,Bangladesh,2020-12-15,494209,1877,1752,7129,40,31.857,3000.855,11.397,10.638,43.288,0.243,0.193,0.85, , , , , , , , ,19054,3003339,18.236,0.116,15841,0.096,0.111,9,tests performed, , , , , , , , , ,0.014425071,1.442507117
2020,12,16,0,10.93,82.31,23.88,15.05,15.61,3.95,BGD,Asia,Bangladesh,2020-12-16,495841,1632,1676.714,7156,27,32.286,3010.765,9.91,10.181,43.451,0.164,0.196,0.83, , , , , , , , ,17025,3020364,18.34,0.103,15839,0.096,0.106,9.4,tests performed, , , , , , , , , ,0.014432046,1.443204576
2020,12,17,0,11.01,84.01,23.81,14.01,15.7,3.56,BGD,Asia,Bangladesh,2020-12-17,496975,1134,1572.857,7192,36,32.143,3017.651,6.886,9.55,43.67,0.219,0.195,0.81, , , , , , , , ,13191,3033555,18.42,0.08,15400,0.094,0.102,9.8,tests performed, , , , , , , , , ,0.014471553,1.44715529
2020,12,18,0,9.25,77.94,22.27,12.98,13.06,3.55,BGD,Asia,Bangladesh,2020-12-18,498293,1318,1492,7217,25,33,3025.653,8.003,9.059,43.822,0.152,0.2,0.8, , , , , , , , ,14336,3047891,18.507,0.087,15116,0.092,0.099,10.1,tests performed, , , , , , , , , ,0.014483446,1.448344649
2020,12,19,0,7.58,76.57,20.09,9.52,10.08,4.69,BGD,Asia,Bangladesh,2020-12-19,499560,1267,1483.143,7242,25,31.714,3033.347,7.693,9.006,43.974,0.152,0.193,0.8, , , , , , , , ,12300,3060191,18.582,0.075,15069,0.091,0.098,10.2,tests performed, , , , , , , , , ,0.014496757,1.449675715
2020,12,20,0,8.05,81.91,20.67,7.95,10.95,4.25,BGD,Asia,Bangladesh,2020-12-20,500713,1153,1454.286,7280,38,32.571,3040.348,7.001,8.83,44.204,0.231,0.198,0.81, , , , , , , , ,12300,3072491,18.656,0.075,15005,0.091,0.097,10.3,tests performed, , , , , , , , , ,0.014539267,1.453926701
2020,12,21,0,9.24,82.05,22.39,10.02,13.01,2.73,BGD,Asia,Bangladesh,2020-12-21,502183,1470,1407.286,7312,32,31.857,3049.274,8.926,8.545,44.399,0.194,0.193,0.83, , , , , , , , ,15669,3088160,18.751,0.095,14839,0.09,0.095,10.5,tests performed, , , , , , , , , ,0.014560429,1.456042917
2020,12,22,0,9.54,78.63,22.87,12.04,13.5,1.74,BGD,Asia,Bangladesh,2020-12-22,503501,1318,1327.429,7329,17,28.571,3057.277,8.003,8.06,44.502,0.103,0.173,0.83, , , , , , , , ,15145,3103305,18.843,0.092,14281,0.087,0.093,10.8,tests performed, , , , , , , , , ,0.014556078,1.455607834
2020,12,23,4.85,9.81,80.35,23.01,12.03,13.92,2.26,BGD,Asia,Bangladesh,2020-12-23,504868,1367,1289.571,7359,30,29,3065.577,8.3,7.83,44.684,0.182,0.176,0.83, , , , , , , , ,15932,3119237,18.94,0.097,14125,0.086,0.091,11,tests performed, , , , , , , , , ,0.014576087,1.457608721
2020,12,24,0,10.21,81.11,23.48,12.45,14.51,2.42,BGD,Asia,Bangladesh,2020-12-24,506102,1234,1303.857,7378,19,26.571,3073.07,7.493,7.917,44.799,0.115,0.161,0.82, , , , , , , , ,13227,3132464,19.02,0.08,14130,0.086,0.092,10.8,tests performed, , , , , , , , , ,0.014578089,1.4578089
2020,12,25,0,10.26,84.37,23.32,12.48,14.59,3.68,BGD,Asia,Bangladesh,2020-12-25,507265,1163,1281.714,7398,20,25.857,3080.132,7.062,7.783,44.921,0.121,0.157,0.8, , , , , , , , ,13695,3146159,19.104,0.083,14038,0.085,0.091,11,tests performed, , , , , , , , , ,0.014584093,1.458409313
2020,12,26,0,9.04,79.99,22.55,10.92,12.68,4.15,BGD,Asia,Bangladesh,2020-12-26,508099,834,1219.857,7428,30,26.571,3085.196,5.064,7.407,45.103,0.182,0.161,0.79, , , , , , , , ,9912,3156071,19.164,0.06,13697,0.083,0.089,11.2,tests performed, , , , , , , , , ,0.014619198,1.461919823
2020,12,27,0,8.32,76.49,21.96,9.9,11.44,3.71,BGD,Asia,Bangladesh,2020-12-27,509148,1049,1205,7452,24,24.571,3091.565,6.37,7.317,45.249,0.146,0.149,0.8, , , , , , , , ,12650,3168721,19.241,0.077,13747,0.083,0.088,11.4,tests performed, , , , , , , , , ,0.014636216,1.46362158
2020,12,28,0,8.53,74.78,22.4,10.82,11.82,2.96,BGD,Asia,Bangladesh,2020-12-28,510080,932,1128.143,7479,27,23.857,3097.225,5.659,6.85,45.413,0.164,0.145,0.81, , , , , , , , ,12617,3181338,19.317,0.077,13311,0.081,0.085,11.8,tests performed, , , , , , , , , ,0.014662406,1.46624059
2020,12,29,0,8.62,76.12,22.19,11.17,11.97,3.26,BGD,Asia,Bangladesh,2020-12-29,511261,1181,1108.571,7509,30,25.714,3104.396,7.171,6.731,45.595,0.182,0.156,0.83, , , , , , , , ,14588,3195926,19.406,0.089,13232,0.08,0.084,11.9,tests performed, , , , , , , , , ,0.014687215,1.468721455
2020,12,30,0,8.97,79.75,22.86,10.66,12.56,4.19,BGD,Asia,Bangladesh,2020-12-30,512496,1235,1089.714,7531,22,24.571,3111.895,7.499,6.617,45.729,0.134,0.149,0.84, , , , , , , , ,15229,3211155,19.498,0.092,13131,0.08,0.083,12,tests performed, , , , , , , , , ,0.014694749,1.469474884
2020,12,31,0,9.66,82.89,23.07,10.84,13.69,4.03,BGD,Asia,Bangladesh,2020-12-31,513510,1014,1058.286,7559,28,25.857,3118.052,6.157,6.426,45.899,0.17,0.157,0.83, , , , , , , , ,13254,3224409,19.579,0.08,13135,0.08,0.081,12.4,tests performed, , , , , , , , , ,0.014720259,1.472025861
2021,1,1,0,9.43,80.42,23.34,10.89,13.34,3.79,BGD,Asia,Bangladesh,2021-01-01,514500,990,1033.571,7576,17,25.429,3124.063,6.011,6.276,46.002,0.103,0.154,0.82, , , , , , , , ,12103,3236512,19.652,0.073,12908,0.078,0.08,12.5,tests performed, , , , , , , , , ,0.014724976,1.47249757
2021,1,2,0,9.6,81.09,23.2,11.05,13.6,3.46,BGD,Asia,Bangladesh,2021-01-02,515184,684,1012.143,7599,23,24.429,3128.216,4.153,6.146,46.141,0.14,0.148,0.81, , , , , , , , ,9701,3246213,19.711,0.059,12877,0.078,0.079,12.7,tests performed, , , , , , , , , ,0.01475007,1.475006988
2021,1,3,0,9.8,79.13,23.95,11.75,13.91,2.92,BGD,Asia,Bangladesh,2021-01-03,516019,835,981.571,7626,27,24.857,3133.286,5.07,5.96,46.305,0.164,0.151,0.82, , , , , , , , ,10925,3257138,19.777,0.066,12631,0.077,0.078,12.9,tests performed, , , , , , , , , ,0.014778526,1.47785256
2021,1,4,0,10.35,78.06,24.9,13.43,14.77,2.32,BGD,Asia,Bangladesh,2021-01-04,516929,910,978.429,7650,24,24.429,3138.812,5.526,5.941,46.451,0.146,0.148,0.84, , , , , , , , ,10925,3268063,19.844,0.066,12389,0.075,0.079,12.7,tests performed, , , , , , , , , ,0.014798938,1.479893757
2021,1,5,0.54,10.89,80.4,25.08,13.69,15.55,2.7,BGD,Asia,Bangladesh,2021-01-05,517920,991,951.286,7670,20,23,3144.829,6.017,5.776,46.573,0.121,0.14,0.86, , , , , , , , ,14462,3282525,19.932,0.088,12371,0.075,0.077,13,tests performed, , , , , , , , , ,0.014809237,1.480923695
2021,1,6,0,11.32,78.19,26.26,14.23,16.13,2.45,BGD,Asia,Bangladesh,2021-01-06,518898,978,914.571,7687,17,22.286,3150.768,5.938,5.553,46.676,0.103,0.135,0.87, , , , , , , , ,15544,3298069,20.026,0.094,12416,0.075,0.074,13.6,tests performed, , , , , , , , , ,0.014814087,1.481408678
2021,1,7,0,11.4,71.27,27.36,16.15,16.27,2.02,BGD,Asia,Bangladesh,2021-01-07,519905,1007,913.571,7718,31,22.714,3156.882,6.115,5.547,46.864,0.188,0.138,0.87, , , , , , , , ,15381,3313450,20.119,0.093,12720,0.077,0.072,13.9,tests performed, , , , , , , , , ,0.01484502,1.484501976
2021,1,8,0.25,11.31,75.77,26.48,15.15,16.12,2.97,BGD,Asia,Bangladesh,2021-01-08,520690,785,884.286,7734,16,22.571,3161.649,4.767,5.369,46.961,0.097,0.137,0.86, , , , , , , , ,15381,3328831,20.213,0.093,13188,0.08,0.067,14.9,tests performed, , , , , , , , , ,0.014853368,1.485336765
2021,1,9,0,10.92,75.33,25.12,15.11,15.57,2.32,BGD,Asia,Bangladesh,2021-01-09,521382,692,885.429,7756,22,22.429,3165.851,4.202,5.376,47.095,0.134,0.136,0.86, , , , , , , , ,12908,3341739,20.291,0.078,13647,0.083,0.065,15.4,tests performed, , , , , , , , , ,0.014875849,1.487584919
2021,1,10,0,11.41,76.51,25.28,15.31,16.25,1.84,BGD,Asia,Bangladesh,2021-01-10,522453,1071,919.143,7781,25,22.143,3172.354,6.503,5.581,47.247,0.152,0.134,0.88, , , , , , , , ,12920,3354659,20.37,0.078,13932,0.085,0.066,15.2,tests performed, , , , , , , , , ,0.014893206,1.48932057
2021,1,11,0,12.29,79.08,26.06,16.89,17.43,2.13,BGD,Asia,Bangladesh,2021-01-11,523302,849,910.429,7803,22,21.857,3177.509,5.155,5.528,47.38,0.134,0.133,0.87, , , , , , , , ,14097,3368756,20.455,0.086,14385,0.087,0.063,15.8,tests performed, , , , , , , , , ,0.014911084,1.491108385
2021,1,12,0,11.14,81.08,24.5,15.2,15.89,3.9,BGD,Asia,Bangladesh,2021-01-12,524020,718,871.429,7819,16,21.286,3181.869,4.36,5.291,47.477,0.097,0.129,0.86, , , , , , , , ,14363,3383119,20.542,0.087,14371,0.087,0.061,16.5,tests performed, , , , , , , , , ,0.014921186,1.492118621
2021,1,13,0,8.88,74.17,22.91,12.89,12.45,3.67,BGD,Asia,Bangladesh,2021-01-13,524910,890,858.857,7833,14,20.857,3187.273,5.404,5.215,47.562,0.085,0.127,0.86, , , , , , , , ,15727,3398846,20.638,0.095,14397,0.087,0.06,16.8,tests performed, , , , , , , , , ,0.014922558,1.492255815
2021,1,14,0,7.89,71.3,21.97,10.4,10.67,3.88,BGD,Asia,Bangladesh,2021-01-14,525723,813,831.143,7849,16,18.714,3192.209,4.937,5.047,47.659,0.097,0.114,0.85, , , , , , , , ,16608,3415454,20.739,0.101,14572,0.088,0.057,17.5,tests performed, , , , , , , , , ,0.014929916,1.492991556
2021,1,15,3.4,7.57,69.39,21.36,10.91,10.04,3.32,BGD,Asia,Bangladesh,2021-01-15,526485,762,827.857,7862,13,18.286,3196.836,4.627,5.027,47.738,0.079,0.111,0.83, , , , , , , , ,13678,3429132,20.822,0.083,14329,0.087,0.058,17.3,tests performed, , , , , , , , , ,0.014932999,1.493299904
2021,1,16,0,7.8,69.94,22.05,10.52,10.47,2.94,BGD,Asia,Bangladesh,2021-01-16,527063,578,811.571,7883,21,18.143,3200.346,3.51,4.928,47.866,0.128,0.11,0.81, , , , , , , , ,12215,3441347,20.896,0.074,14230,0.086,0.057,17.5,tests performed, , , , , , , , , ,0.014956466,1.49564663
2021,1,17,0,8.38,75.06,21.85,10.89,11.57,3.34,BGD,Asia,Bangladesh,2021-01-17,527632,569,739.857,7906,23,17.857,3203.801,3.455,4.492,48.006,0.14,0.108,0.8, , , , , , , , ,13446,3454793,20.978,0.082,14305,0.087,0.052,19.3,tests performed, , , , , , , , , ,0.014983928,1.498392819
2021,1,18,0,9.25,77.36,23.15,11.45,13.05,2.4,BGD,Asia,Bangladesh,2021-01-18,528329,697,718.143,7922,16,17,3208.033,4.232,4.361,48.103,0.097,0.103,0.81, , , , , , , , ,12707,3467500,21.055,0.077,14106,0.086,0.051,19.6,tests performed, , , , , , , , , ,0.014994445,1.499444475
2021,1,19,0,9.2,74.92,22.52,13.06,12.96,2.04,BGD,Asia,Bangladesh,2021-01-19,529031,702,715.857,7942,20,17.571,3212.296,4.263,4.347,48.224,0.121,0.107,0.82, , , , , , , , ,15097,3482597,21.146,0.092,14211,0.086,0.05,19.9,tests performed, , , , , , , , , ,0.015012353,1.501235277
2021,1,20,0.77,11.22,84.77,23.5,14.6,15.95,2.99,BGD,Asia,Bangladesh,2021-01-20,529687,656,682.429,7950,8,16.714,3216.279,3.983,4.144,48.273,0.049,0.101,0.81, , , , , , , , ,15410,3498007,21.24,0.094,14166,0.086,0.048,20.8,tests performed, , , , , , , , , ,0.015008864,1.500886373
2021,1,21,0.05,8.59,66.94,24.38,13.49,11.95,3.25,BGD,Asia,Bangladesh,2021-01-21,530271,584,649.714,7966,16,16.714,3219.825,3.546,3.945,48.37,0.097,0.101,0.8, , , , , , , , ,14761,3512768,21.33,0.09,13902,0.084,0.047,21.4,tests performed, , , , , , , , , ,0.015022507,1.502250736
2021,1,22,0.25,7.86,69.18,23.07,10.51,10.61,3.68,BGD,Asia,Bangladesh,2021-01-22,530890,619,629.286,7981,15,17,3223.584,3.759,3.821,48.461,0.091,0.103,0.79, , , , , , , , ,14846,3527614,21.42,0.09,14069,0.085,0.045,22.4,tests performed, , , , , , , , , ,0.015033246,1.503324606
2021,1,23,0,7.81,66.77,22.05,11.39,10.52,2.02,BGD,Asia,Bangladesh,2021-01-23,531326,436,609,8003,22,17.143,3226.231,2.647,3.698,48.595,0.134,0.104,0.78, , , , , , , , ,11115,3538729,21.487,0.067,13912,0.084,0.044,22.8,tests performed, , , , , , , , , ,0.015062316,1.506231579
2021,1,24,0,8.31,67.47,23.57,11.85,11.46,1.95,BGD,Asia,Bangladesh,2021-01-24,531799,473,595.286,8023,20,16.714,3229.103,2.872,3.615,48.716,0.121,0.101,0.79, , , , , , , , ,14169,3552898,21.573,0.086,14015,0.085,0.042,23.5,tests performed, , , , , , , , , ,0.015086527,1.508652705
2021,1,25,0,8.62,73.72,23.38,10.83,12.01,3.88,BGD,Asia,Bangladesh,2021-01-25,532401,602,581.714,8041,18,17,3232.758,3.655,3.532,48.825,0.109,0.103,0.8, , , , , , , , ,14829,3567727,21.663,0.09,14318,0.087,0.041,24.6,tests performed, , , , , , , , , ,0.015103277,1.510327742
2021,1,26,0,8.17,69.57,23.6,11.49,11.21,4.41,BGD,Asia,Bangladesh,2021-01-26,532916,515,555,8055,14,16.143,3235.886,3.127,3.37,48.91,0.085,0.098,0.8, , , , , , , , ,14401,3582128,21.751,0.087,14219,0.086,0.039,25.6,tests performed,0,0, , , ,0,0, , ,0.015114952,1.511495245
2021,1,27,0,7.31,66.37,23,10.02,9.55,4.59,BGD,Asia,Bangladesh,2021-01-27,533444,528,536.714,8072,17,17.429,3239.092,3.206,3.259,49.013,0.103,0.106,0.8, , , , , , , , ,15720,3597848,21.846,0.095,14263,0.087,0.038,26.6,tests performed,26,26, ,26,26,0,0, ,0,0.01513186,1.513186014
2021,1,28,0,7.1,65.78,23.55,8.46,9.13,4.54,BGD,Asia,Bangladesh,2021-01-28,533953,509,526,8087,15,17.286,3242.182,3.091,3.194,49.105,0.091,0.105,0.8, , , , , , , , ,14830,3612678,21.936,0.09,14273,0.087,0.037,27.1,tests performed,567,567, ,541,284,0,0, ,2,0.015145528,1.514552779
2021,1,29,0,7.35,63.53,24.32,9.23,9.64,4.32,BGD,Asia,Bangladesh,2021-01-29,534407,454,502.429,8094,7,16.143,3244.939,2.757,3.051,49.147,0.043,0.098,0.79, , , , , , , , ,12075,3624753,22.01,0.073,13877,0.084,0.036,27.6,tests performed, , , , ,1209, , , ,7,0.01514576,1.514575969
2021,1,30,0,7.06,62.39,23.52,10.69,9.04,3.78,BGD,Asia,Bangladesh,2021-01-30,534770,363,492,8111,17,15.429,3247.143,2.204,2.987,49.25,0.103,0.094,0.78, , , , , , , , ,12084,3636837,22.083,0.073,14015,0.085,0.035,28.5,tests performed, , , , ,1671, , , ,10,0.015167268,1.516726817
2021,1,31,0,6.03,59.21,22.35,7.87,6.73,4.46,BGD,Asia,Bangladesh,2021-01-31,535139,369,477.143,8127,16,14.857,3249.384,2.241,2.897,49.347,0.097,0.09,0.8, , , , , , , , ,12225,3649062,22.157,0.074,13738,0.083,0.035,28.8,tests performed, , , , ,1949, , , ,12,0.015186709,1.51867085
2021,2,1,0,5.94,57.59,23.09,7.93,6.52,4.39,BGD,Asia,Bangladesh,2021-02-01,535582,443,454.429,8137,10,13.714,3252.074,2.69,2.759,49.408,0.061,0.083,0.82, , , , , , , , ,12475,3661537,22.233,0.076,13401,0.081,0.034,29.5,tests performed, , , , ,2134, , , ,13,0.015192818,1.519281828
2021,2,2,0,6.03,57.38,23.59,8.12,6.74,4.92,BGD,Asia,Bangladesh,2021-02-02,536107,525,455.857,8149,12,13.429,3255.261,3.188,2.768,49.481,0.073,0.082,0.85, , , , , , , , ,14452,3675989,22.321,0.088,13409,0.081,0.034,29.4,tests performed, , , , ,2266, , , ,14,0.015200324,1.520032382
2021,2,3,0,7,59.35,25.81,9.64,8.91,5.31,BGD,Asia,Bangladesh,2021-02-03,536545,438,443,8162,13,12.857,3257.921,2.66,2.69,49.56,0.079,0.078,0.85, , , , , , , , ,14985,3690974,22.412,0.091,13304,0.081,0.033,30,tests performed, , , , ,2700, , , ,16,0.015212144,1.521214437
2021,2,4,0,8.17,61.8,27.37,11.11,11.22,4.62,BGD,Asia,Bangladesh,2021-02-04,537030,485,439.571,8175,13,12.571,3260.866,2.945,2.669,49.639,0.079,0.076,0.84, , , , , , , , ,15273,3706247,22.504,0.093,13367,0.081,0.033,30.4,tests performed, , , , ,3059, , , ,19,0.015222613,1.522261326
2021,2,5,0,8.76,62.23,27.63,12.56,12.25,3.57,BGD,Asia,Bangladesh,2021-02-05,537465,435,436.857,8182,7,12.571,3263.507,2.641,2.653,49.681,0.043,0.076,0.83, , , , , , , , ,15566,3721813,22.599,0.095,13866,0.084,0.032,31.7,tests performed, , , , ,3059, , , ,19,0.015223317,1.522331687
2021,2,6,0,8.26,56.59,27.68,14.8,11.34,3.52,BGD,Asia,Bangladesh,2021-02-06,537770,305,428.571,8190,8,11.286,3265.359,1.852,2.602,49.73,0.049,0.069,0.81, , , , , , , , ,12135,3733948,22.673,0.074,13873,0.084,0.031,32.4,tests performed, , , , ,3059, , , ,19,0.015229559,1.522955911
2021,2,7,2.1,8.51,64.37,25.81,14.17,11.83,5.36,BGD,Asia,Bangladesh,2021-02-07,538062,292,417.571,8205,15,11.143,3267.132,1.773,2.536,49.821,0.091,0.068,0.81, , , , , , , , ,12135,3746083,22.746,0.074,13860,0.084,0.03,33.2,tests performed,31160,31160, , ,3059,0.02,0.02, ,19,0.015249172,1.524917203
2021,2,8,0,7.91,60.14,26.72,12,10.72,5.48,BGD,Asia,Bangladesh,2021-02-08,538378,316,399.429,8221,16,12,3269.051,1.919,2.425,49.918,0.097,0.073,0.83, , , , , , , , ,13762,3759845,22.83,0.084,14044,0.085,0.028,35.2,tests performed, , , , ,13205, , , ,80,0.01526994,1.526994045
2021,2,9,0,7.27,54.6,27.52,11.38,9.44,5.06,BGD,Asia,Bangladesh,2021-02-09,538765,387,379.714,8229,8,11.429,3271.401,2.35,2.306,49.967,0.049,0.069,0.86, , , , , , , , ,14468,3774313,22.918,0.088,14046,0.085,0.027,37,tests performed,179318,179318, , ,23351,0.11,0.11, ,142,0.015273821,1.527382068
2021,2,10,0,7.51,50.39,27.88,13.72,9.86,2.8,BGD,Asia,Bangladesh,2021-02-10,539153,388,372.571,8239,10,11,3273.757,2.356,2.262,50.028,0.061,0.067,0.88, , , , , , , , ,14999,3789312,23.009,0.091,14048,0.085,0.027,37.7,tests performed,337769,337769, ,158451,45549,0.21,0.21, ,277,0.015281377,1.528137653
2021,2,11,0,8.01,51.36,27.98,15.57,10.83,2.05,BGD,Asia,Bangladesh,2021-02-11,539531,378,357.286,8248,9,10.429,3276.052,2.295,2.169,50.082,0.055,0.063,0.9, , , , , , , , ,15776,3805088,23.105,0.096,14120,0.086,0.025,39.5,tests performed, , , , ,64108, , , ,389,0.015287351,1.528735142
2021,2,12,0,8.04,51.27,27.84,15.45,10.91,2.24,BGD,Asia,Bangladesh,2021-02-12,539975,444,358.571,8253,5,10.143,3278.748,2.696,2.177,50.113,0.03,0.062,0.92, , , , , , , , ,14328,3819416,23.192,0.087,13943,0.085,0.026,38.9,tests performed, , , , ,82667, , , ,502,0.015284041,1.528404093
2021,2,13,0,8.31,52.19,28.27,15.82,11.41,2.09,BGD,Asia,Bangladesh,2021-02-13,540266,291,356.571,8266,13,10.857,3280.515,1.767,2.165,50.191,0.079,0.066,0.91, , , , , , , , ,12871,3832287,23.27,0.078,14048,0.085,0.025,39.4,tests performed,736680,736680, , ,101226,0.45,0.45, ,615,0.015299871,1.52998708
2021,2,14,0,8.15,49.69,28.48,16.44,11.1,1.6,BGD,Asia,Bangladesh,2021-02-14,540592,326,361.429,8274,8,9.857,3282.495,1.979,2.195,50.24,0.049,0.06,0.94, , , , , , , , ,12900,3845187,23.348,0.078,14158,0.086,0.026,39.2,tests performed,906033,906033, ,169353,124982,0.55,0.55, ,759,0.015305443,1.530544292
2021,2,15,0,8.55,53.07,28.62,16.44,11.82,2.58,BGD,Asia,Bangladesh,2021-02-15,541038,446,380,8285,11,9.143,3285.203,2.708,2.307,50.307,0.067,0.056,0.97, , , , , , , , ,14138,3859325,23.434,0.086,14211,0.086,0.027,37.4,tests performed,1132711,1132711, ,226678,146782,0.69,0.69, ,891,0.015313157,1.53131573
2021,2,16,0,7.84,47.87,29.2,15.78,10.49,2.25,BGD,Asia,Bangladesh,2021-02-16,541434,396,381.286,8298,13,9.857,3287.607,2.405,2.315,50.386,0.079,0.06,0.98, , , , , , , , ,14788,3874113,23.524,0.09,14257,0.087,0.027,37.4,tests performed,1359613,1359613, ,226902,168614,0.83,0.83, ,1024,0.015325968,1.532596771
2021,2,17,0,8.55,52.79,29.5,15.01,11.85,3.5,BGD,Asia,Bangladesh,2021-02-17,541877,443,389.143,8314,16,10.714,3290.297,2.69,2.363,50.483,0.097,0.065,0.99, , , , , , , , ,16612,3890725,23.625,0.101,14488,0.088,0.027,37.2,tests performed,1586368,1586368, ,226755,178371,0.96,0.96, ,1083,0.015342965,1.534296529
2021,2,18,0,9.34,51.72,31.1,16.64,13.21,2.92,BGD,Asia,Bangladesh,2021-02-18,542268,391,391,8329,15,11.571,3292.671,2.374,2.374,50.574,0.091,0.07,0.99, , , , , , , , ,14603,3905328,23.713,0.089,14320,0.087,0.027,36.6,tests performed,1848313,1848313, ,261945,196796,1.12,1.12, ,1195,0.015359564,1.535956391
2021,2,19,0.06,10.14,56.7,29.99,17.72,14.52,3,BGD,Asia,Bangladesh,2021-02-19,542674,406,385.571,8337,8,12,3295.137,2.465,2.341,50.623,0.049,0.073,0.99, , , , , , , , ,14232,3919560,23.8,0.086,14306,0.087,0.027,37.1,tests performed, , , , ,194555, , , ,1181,0.015362815,1.536281451
2021,2,20,0.04,9.64,55.22,30,18.67,13.74,4.31,BGD,Asia,Bangladesh,2021-02-20,543024,350,394,8342,5,10.857,3297.262,2.125,2.392,50.653,0.03,0.066,0.98, , , , , , , , ,11148,3930708,23.867,0.068,14060,0.085,0.028,35.7,tests performed,2082877,2082877, , ,192314,1.26,1.26, ,1168,0.01536212,1.536212027
2021,2,21,0,7.96,47.2,30.33,15.4,10.74,4.2,BGD,Asia,Bangladesh,2021-02-21,543351,327,394.143,8349,7,10.714,3299.247,1.986,2.393,50.695,0.043,0.065,0.98, , , , , , , , ,14036,3944744,23.953,0.085,14222,0.086,0.028,36.1,tests performed, , , , ,184212, , , ,1119,0.015365758,1.536575805
2021,2,22,0,7.74,44.55,30.46,15.71,10.29,3.44,BGD,Asia,Bangladesh,2021-02-22,543717,366,382.714,8356,7,10.143,3301.47,2.222,2.324,50.738,0.043,0.062,1.01, , , , , , , , ,11103,3955847,24.02,0.067,13789,0.084,0.028,36,tests performed,2308157,2308157, , ,167921,1.4,1.4, ,1020,0.015368289,1.536828902
2021,2,23,0,8.18,45.49,30.97,16.63,11.09,2.89,BGD,Asia,Bangladesh,2021-02-23,544116,399,383.143,8374,18,10.857,3303.892,2.423,2.326,50.847,0.109,0.066,1.04, , , , , , , , ,12748,3968595,24.097,0.077,13497,0.082,0.028,35.2,tests performed,2491053,2491053, ,182896,161634,1.51,1.51, ,981,0.015390101,1.539010064
2021,2,24,0,8.94,45.99,31.41,18.68,12.42,1.86,BGD,Asia,Bangladesh,2021-02-24,544544,428,381,8379,5,9.286,3306.491,2.599,2.313,50.878,0.03,0.056,1.07, , , , , , , , ,16152,3984747,24.196,0.098,13432,0.082,0.028,35.3,tests performed,2673038,2673038, ,181985,155239,1.62,1.62, ,943,0.015387186,1.538718634
2021,2,25,0,9.38,46.45,32.72,19.13,13.14,2.4,BGD,Asia,Bangladesh,2021-02-25,544954,410,383.714,8384,5,7.857,3308.981,2.49,2.33,50.908,0.03,0.048,1.09, , , , , , , , ,15560,4000307,24.29,0.094,13568,0.082,0.028,35.4,tests performed,2850940,2850940, ,177902,143232,1.73,1.73, ,870,0.015384785,1.538478477
2021,2,26,0.01,9.97,50.23,33.52,17.35,14.08,3.63,BGD,Asia,Bangladesh,2021-02-26,545424,470,392.857,8395,11,8.286,3311.835,2.854,2.385,50.975,0.067,0.05,1.11, , , , , , , , ,15032,4015339,24.381,0.091,13683,0.083,0.029,34.8,tests performed, , , , ,136037, , , ,826,0.015391695,1.539169527
2021,2,27,0.11,10.61,51.46,33.69,18.94,15.06,3.36,BGD,Asia,Bangladesh,2021-02-27,545831,407,401,8400,5,8.286,3314.306,2.471,2.435,51.005,0.03,0.05,1.13, , , , , , , , ,12348,4027687,24.456,0.075,13854,0.084,0.029,34.5,tests performed,2984773,2984773, , ,128842,1.81,1.81, ,782,0.015389379,1.538937876
2021,2,28,0,9.79,47.66,34.51,18.18,13.81,4.89,BGD,Asia,Bangladesh,2021-02-28,546216,385,409.286,8408,8,8.429,3316.644,2.338,2.485,51.054,0.049,0.051,1.16, , , , , , , , ,13411,4041098,24.538,0.081,13765,0.084,0.03,33.6,tests performed,3110525,3110525, ,125752,130715,1.89,1.89, ,794,0.015393178,1.539317779
2021,3,1,0.04,11.19,51.2,34.78,19.38,15.94,3.45,BGD,Asia,Bangladesh,2021-03-01,546801,585,440.571,8416,8,8.571,3320.196,3.552,2.675,51.102,0.049,0.052,1.22, , , , , , , , ,13570,4054668,24.62,0.082,14117,0.086,0.031,32,tests performed, , , , ,131123, , , ,796,0.01539134,1.539133981
2021,3,2,0,10.21,46.37,34.15,20.54,14.49,2.07,BGD,Asia,Bangladesh,2021-03-02,547316,515,457.143,8423,7,7,3323.323,3.127,2.776,51.145,0.043,0.043,1.24, , , , , , , , ,15325,4069993,24.713,0.093,14485,0.088,0.032,31.7,tests performed,3341505,3341505, , ,121493,2.03,2.03, ,738,0.015389647,1.538964693
2021,3,3,0,9.12,44.59,33.48,19.71,12.73,2.99,BGD,Asia,Bangladesh,2021-03-03,547930,614,483.714,8428,5,7,3327.051,3.728,2.937,51.175,0.03,0.043,1.27, , , , , , , , ,16414,4086407,24.813,0.1,14523,0.088,0.033,30,tests performed, , , , ,112614, , , ,684,0.015381527,1.538152684
2021,3,4,0,7.31,36.4,33.43,18.98,9.34,3.22,BGD,Asia,Bangladesh,2021-03-04,548549,619,513.571,8435,7,7.286,3330.81,3.759,3.118,51.218,0.043,0.044,1.29, , , , , , , , ,15985,4102392,24.91,0.097,14584,0.089,0.035,28.4,tests performed,3581169,3581169, , ,104318,2.17,2.17, ,633,0.015376931,1.537693078
2021,3,5,0.04,10.08,49.27,33.83,17.34,14.29,4.7,BGD,Asia,Bangladesh,2021-03-05,549184,635,537.143,8441,6,6.571,3334.665,3.856,3.262,51.254,0.036,0.04,1.31, , , , , , , , ,13710,4116102,24.993,0.083,14395,0.087,0.037,26.8,tests performed, , , , ,99568, , , ,605,0.015370076,1.537007633
